DISTRITO,COD_DIST,UGM,TOTAL,HOMBRES,MUJERES,INDICE_VULNERABILIDAD_INTEGRADO,EXPOSICION_NORMALIZACION_BASE_100,AMENAZA_SECA_NORMALIZACION_BASE_100,SUMA_RIESGO_SECO,RIESGO_SECO_NORMALIZACION_BASE_100,CATEGORIA_RIESGO_SECO
Liberia           ,50101,38541,65,28,37,21.767265128747503,7.82608695652174,81.355,110.94835208526925,31.18867248349893,Alto-medio
Liberia           ,50101,38555,61,22,39,17.19258346454945,7.329192546583851,75.23,99.7517760111333,26.443072307604087,Medio
Liberia           ,50101,38563,73,31,42,12.752273329569592,8.819875776397515,74.736,96.30814910596712,24.98351214040056,Bajo-medio
Liberia           ,50101,38575,44,16,28,14.564584635455272,5.217391304347826,79.116,98.8979759398031,26.08119437797136,Medio
Liberia           ,50101,38584,182,90,92,29.755347035120426,22.36024844720497,76.19,128.3055954823254,38.54543376236837,Alto
Liberia           ,50101,38589,16,8,8,20.787360695538666,1.7391304347826086,76.435,98.96149113032128,26.10811490236197,Medio
Liberia           ,50101,38592,69,33,36,8.581397478232262,8.322981366459627,75.748,92.6523788446919,23.434036311355413,Bajo-medio
Liberia           ,50101,38595,202,107,95,17.46387861304088,24.84472049689441,79.138,121.44659910993529,35.63829016992076,Alto
Liberia           ,50101,38606,106,50,56,9.988400387728467,12.919254658385093,78.514,101.42165504611356,27.150840306468595,Medio
Liberia           ,50101,38611,30,15,15,13.704815849057855,3.4782608695652173,80.002,97.18507671862307,25.35519253673889,Medio
Liberia           ,50101,38626,90,46,44,20.711873960247303,10.93167701863354,78.426,110.06955097888084,30.816198018319607,Alto-medio
Liberia           ,50101,38627,79,33,46,15.34928842502126,9.565217391304348,83.009,107.92350581632562,29.90660992339959,Alto-medio
Liberia           ,50101,38639,13,4,9,17.970988810853065,1.3664596273291925,60.698,80.03544843818226,18.086427653142838,Bajo
Liberia           ,50101,38662,129,57,72,24.09158782090995,15.77639751552795,75.169,115.0369853364379,32.92161463897951,Alto-medio
Liberia           ,50101,38668,27,12,15,15.275860749190603,3.1055900621118013,78.062,96.4434508113024,25.040858939313594,Medio
Liberia           ,50101,38678,50,24,26,14.126207295430989,5.962732919254658,73.786,93.87494021468565,23.95221145829937,Bajo-medio
Liberia           ,50101,38702,30,18,12,17.35533775154747,3.4782608695652173,74.972,95.80559862111268,24.77050919614956,Bajo-medio
Liberia           ,50101,38726,22,9,13,25.220101520775493,2.484472049689441,75.2,102.90457357046493,27.779366238271606,Medio
Liberia           ,50101,38730,116,45,71,16.545579643342993,14.161490683229813,75.029,105.7360703265728,28.97947879186475,Alto-medio
Liberia           ,50101,38740,40,22,18,21.10569964221964,4.720496894409938,75.074,100.90019653662958,26.929823311813823,Medio
Liberia           ,50101,38750,44,22,22,20.662135648827824,5.217391304347826,77.632,103.51152695317566,28.036619711179778,Medio
Liberia           ,50101,38758,27,12,15,12.814708291030255,3.1055900621118013,78.39,94.31029835314206,24.136735338167302,Bajo-medio
Liberia           ,50101,38796,114,49,65,22.219448371488692,13.91304347826087,76.114,112.24649184974956,31.73888106993318,Alto-medio
Liberia           ,50101,38797,27,12,15,19.255985327631773,3.1055900621118013,76.613,98.97457538974358,26.113660585560545,Medio
Liberia           ,50101,38817,118,61,57,17.595903365028423,14.409937888198757,74.925,106.93084125322719,29.48587512965078,Alto-medio
Liberia           ,50101,38831,130,67,63,24.95353742676756,15.900621118012422,74.49,115.34415854477999,33.0518081215126,Alto-medio
Liberia           ,50101,38839,65,27,38,9.861921141966686,7.82608695652174,79.585,97.27300809848842,25.39246171340439,Medio
Liberia           ,50101,38840,199,90,109,26.79878193130204,24.472049689440993,81.987,133.25783162074305,40.64440871095427,Alto
Liberia           ,50101,38844,218,100,118,14.96993291927832,26.83229813664596,75.611,117.41323105592429,33.92877182968652,Alto-medio
Liberia           ,50101,38854,87,44,43,11.75914962178277,10.559006211180124,78.259,100.57715583296289,26.79290448859579,Medio
Liberia           ,50101,38856,35,19,16,7.338412286639078,4.099378881987578,78.589,90.02679116862666,22.321197059885932,Bajo-medio
Liberia           ,50101,38858,186,104,82,11.098399950228032,22.857142857142858,75.925,109.88054280737089,30.73608806273817,Alto-medio
Liberia           ,50101,38859,12,6,6,17.315297381657544,1.2422360248447204,77.383,95.94053340650225,24.827700478291455,Bajo-medio
Liberia           ,50101,38867,105,59,46,18.892318805836403,12.79503105590062,76.314,108.00134986173703,29.93960364515441,Alto-medio
Liberia           ,50101,38876,42,19,23,11.833786029101656,4.968944099378882,81.703,98.50573012848054,25.914943393841817,Medio
Liberia           ,50101,38878,133,71,62,19.637644715929575,16.273291925465838,75.368,111.2789366413954,31.328788722366312,Alto-medio
Liberia           ,50101,38879,79,35,44,11.803408225318247,9.565217391304348,74.602,95.9706256166226,24.840454877198283,Bajo-medio
Liberia           ,50101,38885,46,11,35,10.530218875740472,5.46583850931677,78.076,94.07205738505724,24.035758363370483,Bajo-medio
Liberia           ,50101,38886,95,47,48,19.649378903094114,11.5527950310559,77.314,108.51617393415,30.157808674300924,Alto-medio
Liberia           ,50101,38893,83,36,47,11.212590087184529,10.062111801242237,77.748,99.02270188842677,26.134058707192004,Medio
Liberia           ,50101,38901,42,23,19,18.309453807261008,4.968944099378882,73.368,96.64639790663989,25.126876822365872,Medio
Liberia           ,50101,38903,45,18,27,8.985749011234532,5.341614906832298,79.554,93.88136391806682,23.95493410562421,Bajo-medio
Liberia           ,50101,38911,90,43,47,32.671223242391264,10.93167701863354,70.106,113.7089002610248,32.35871391595914,Alto-medio
Liberia           ,50101,38929,91,52,39,9.589346880376617,11.055900621118013,75.104,95.74924750149464,24.74662511932102,Bajo-medio
Liberia           ,50101,38933,110,52,58,20.184830958764305,13.41614906832298,74.991,108.59198002708729,30.18993862238461,Alto-medio
Liberia           ,50101,38934,25,17,8,18.67726351777995,2.857142857142857,81.916,103.4504063749228,28.010714128527813,Medio
Liberia           ,50101,38935,53,25,28,9.521692053483495,6.3354037267080745,75.167,91.02409578019157,22.74389850975113,Bajo-medio
Liberia           ,50101,38943,52,28,24,12.958194348737967,6.211180124223603,79.186,98.35537447296159,25.851216070367837,Medio
Liberia           ,50101,38949,60,32,28,16.098120628043088,7.204968944099378,74.443,97.74608957214247,25.592974397792904,Medio
Liberia           ,50101,38971,90,42,48,15.782686292937258,10.93167701863354,74.474,101.18836331157081,27.0519610339883,Medio
Liberia           ,50101,38978,17,12,5,14.974948221791148,1.8633540372670807,77.921,94.75930225905823,24.32704289297554,Bajo-medio
Liberia           ,50101,38987,29,12,17,14.733735691588626,3.354037267080745,78.111,96.19877295866937,24.937153730435043,Bajo-medio
Liberia           ,50101,38990,30,21,9,20.219990604188002,3.4782608695652173,75.083,98.78125147375322,26.03172142812046,Medio
Liberia           ,50101,39037,55,28,27,14.503202633994677,6.583850931677018,78.87,99.9570535656717,26.53007794151167,Medio
Liberia           ,50101,39041,131,67,64,25.079094128335992,16.024844720496894,74.787,115.89093884883289,33.28355760366753,Alto-medio
Liberia           ,50101,39061,58,28,30,17.08292596120981,6.956521739130435,72.363,96.40244770034025,25.023480021927973,Bajo-medio
Liberia           ,50101,39071,53,21,32,16.171808061068738,6.3354037267080745,74.698,97.2052117877768,25.36372666244705,Medio
Liberia           ,50101,39073,44,20,24,9.651380348468708,5.217391304347826,80.254,95.12277165281654,24.481097168812266,Bajo-medio
Liberia           ,50101,39080,138,71,67,13.302779625738484,16.8944099378882,74.747,104.94418956362668,28.643844981756878,Medio
Liberia           ,50101,39119,78,34,44,10.36546643603877,9.440993788819876,80.128,99.93446022485864,26.520501892420718,Medio
Liberia           ,50101,39121,68,30,38,6.336968015686799,8.198757763975156,79.181,93.71672577966196,23.885153239277223,Bajo-medio
Liberia           ,50101,39122,81,33,48,12.994244977468469,9.813664596273291,74.409,97.21690957374176,25.368684697364625,Medio
Liberia           ,50101,39129,41,14,27,11.764545198490724,4.84472049689441,74.419,91.02826569538513,22.745665902759935,Bajo-medio
Liberia           ,50101,39132,69,29,40,13.446924717262165,8.322981366459627,77.715,99.4849060837218,26.32996112378508,Medio
Liberia           ,50101,39134,65,27,38,12.348929974614489,7.82608695652174,75.771,95.94601693113623,24.83002463661407,Bajo-medio
Liberia           ,50101,39139,152,70,82,20.817311467185466,18.633540372670808,74.037,113.48785183985628,32.26502389684679,Alto-medio
Liberia           ,50101,39140,253,120,133,32.23151716026225,31.180124223602483,78.124,141.53564138386474,44.15290766704482,Alto
Liberia           ,50101,39151,22,9,13,22.253795371569062,2.484472049689441,78.193,102.9312674212585,27.790680263397004,Medio
Liberia           ,50101,39156,34,12,22,14.458161407270673,3.9751552795031055,78.11,96.54331668677378,25.083186478827894,Medio
Liberia           ,50101,39158,97,52,45,19.28804325263179,11.801242236024844,74.074,105.16328548865664,28.73670744734239,Medio
Liberia           ,50101,39161,78,39,39,18.10375980981784,9.440993788819876,78.773,106.31775359863772,29.226021683186943,Alto-medio
Liberia           ,50101,39166,212,112,100,39.62855099182203,26.08695652173913,72.214,137.92950751356116,42.624469918227604,Alto
Liberia           ,50101,39171,84,47,37,17.32570720498006,10.186335403726709,74.725,102.23704260870676,27.496437329598127,Medio
Liberia           ,50101,39199,60,35,25,4.3823370749225745,7.204968944099378,75.058,86.64530601902196,20.887975295080636,Bajo
Liberia           ,50101,39204,59,24,35,8.787162355480136,7.080745341614906,78.618,94.48590769709503,24.211166282773398,Bajo-medio
Liberia           ,50101,39210,30,19,11,15.48587112177695,3.4782608695652173,78.654,97.61813199134217,25.538740361072016,Medio
Liberia           ,50101,39214,33,12,21,9.776065057142699,3.8509316770186333,80.964,94.59099673416134,24.255707627331272,Bajo-medio
Liberia           ,50101,39218,37,17,20,18.77733353739159,4.3478260869565215,72.4,95.52515962434812,24.6516468454129,Bajo-medio
Liberia           ,50101,39251,116,56,60,18.57644721221127,14.161490683229813,72.47,105.20793789544109,28.755633096405763,Medio
Liberia           ,50101,39290,168,76,92,19.65827314703126,20.62111801242236,75.063,115.34239115945363,33.05105902606948,Alto-medio
Liberia           ,50101,39319,68,31,37,8.140126077738472,8.198757763975156,77.023,93.36188384171362,23.734755657731522,Bajo-medio
Liberia           ,50101,39320,203,103,100,34.51989694362913,24.96894409937888,82.926,142.414841043008,44.525551056367654,Alto
Liberia           ,50101,39324,123,63,60,15.163724500187126,15.031055900621118,75.563,105.75778040080824,28.9886804738279,Alto-medio
Liberia           ,50101,39327,87,45,42,12.078671132702503,10.559006211180124,75.42,98.05767734388263,25.72503896597751,Medio
Liberia           ,50101,39334,38,20,18,22.35670524254698,4.472049689440994,71.805,98.63375493198798,25.969205922495313,Medio
Liberia           ,50101,39354,132,64,68,16.879892964356237,16.149068322981368,73.657,106.6859612873376,29.382084256306634,Alto-medio
Liberia           ,50101,39356,53,28,25,8.087368113623276,6.3354037267080745,78.193,92.61577184033135,23.418520656821194,Bajo-medio
Liberia           ,50101,39379,30,13,17,18.328302072174754,3.4782608695652173,78.135,99.94156294173997,26.523512335457788,Medio
Liberia           ,50101,39380,183,90,93,24.890622028326028,22.48447204968944,74.24,121.61509407801546,35.70970572989768,Alto
Liberia           ,50101,39384,31,16,15,11.866782507547333,3.602484472049689,81.772,97.24126697959703,25.3790084346166,Medio
Liberia           ,50101,39413,343,169,174,43.443529087052816,42.36024844720497,79.141,164.9447775342578,54.07472661395219,Alto
Liberia           ,50101,39414,77,36,41,7.181686368802308,9.316770186335404,77.918,94.41645655513771,24.181729841730494,Bajo-medio
Liberia           ,50101,39418,103,62,41,11.716069596477213,12.546583850931677,75.057,99.3196534474089,26.25991980626435,Medio
Liberia           ,50101,39421,78,40,38,9.52092588762864,9.440993788819876,75.678,94.63991967644851,24.276443316705063,Bajo-medio
Liberia           ,50101,39436,58,25,33,8.329481694288013,6.956521739130435,77.713,92.99900343341844,23.580951019775068,Bajo-medio
Liberia           ,50101,39439,140,69,71,18.97237500277269,17.142857142857142,82.836,118.95123214562983,34.58064416936482,Alto-medio
Liberia           ,50101,39454,72,34,38,25.350185880195554,8.695652173913043,72.878,106.9238380541086,29.482906866607777,Alto-medio
Liberia           ,50101,39502,45,21,24,11.780334932054172,5.341614906832298,78.103,95.22494983888646,24.524404767007944,Bajo-medio
Liberia           ,50101,39507,28,20,8,16.888320528542337,3.229813664596273,75.257,95.37513419313862,24.588059485489435,Bajo-medio
Liberia           ,50101,39508,51,21,30,9.466888702956927,6.086956521739131,77.313,92.86684522469606,23.524936572643536,Bajo-medio
Liberia           ,50101,39509,95,46,49,9.427511657228283,11.5527950310559,78.148,99.12830668828418,26.178818654649188,Medio
Liberia           ,50101,39522,104,51,53,7.9379105327299,12.670807453416149,75.116,95.72471798614605,24.73622843451469,Bajo-medio
Liberia           ,50101,39525,41,24,17,21.104466296829333,4.84472049689441,88.758,114.70718679372374,32.78183154708149,Alto-medio
Liberia           ,50101,39529,38,22,16,16.63717521723514,4.472049689440994,96.49,117.59922490667613,34.007604183881135,Alto-medio
Liberia           ,50101,39566,33,12,21,11.903009288436579,3.8509316770186333,75.884,91.63794096545521,23.00407303095038,Bajo-medio
Liberia           ,50101,39577,23,9,14,14.296151171624672,2.608695652173913,75.817,92.72184682379859,23.463479888720936,Bajo-medio
Liberia           ,50101,39580,32,14,18,14.399875659880262,3.7267080745341614,77.901,96.02758373441442,24.86459622648415,Bajo-medio
Liberia           ,50101,39581,23,11,12,13.150337777613998,2.608695652173913,78.107,93.8660334297879,23.948436372085734,Bajo-medio
Liberia           ,50101,39600,70,34,36,23.516924780968644,8.4472049689441,82.576,114.54012974991274,32.711025442496954,Alto-medio
Liberia           ,50101,39616,79,36,43,18.11165818205882,9.565217391304348,72.855,100.53187557336318,26.773712727963066,Medio
Liberia           ,50101,39617,134,67,67,21.183047873866485,16.39751552795031,72.819,110.3995634018168,30.95607176203936,Alto-medio
Liberia           ,50101,39635,47,20,27,23.912648728782898,5.590062111801243,74.474,103.97671084058415,28.23378505202077,Medio
Liberia           ,50101,39657,25,11,14,14.190704565698049,2.857142857142857,78.433,95.48084742284091,24.632865390272098,Bajo-medio
Liberia           ,50101,39674,34,18,16,16.772660322452744,3.9751552795031055,84.044,104.79181560195585,28.57926221158509,Medio
Liberia           ,50101,39696,151,79,72,28.220642987753525,18.509316770186334,75.52,122.24995975793985,35.97878965898189,Alto
Liberia           ,50101,39723,113,55,58,19.139833094377032,13.788819875776397,77.308,110.23665297015344,30.887023173610377,Alto-medio
Liberia           ,50101,39728,187,92,95,27.3240742158693,22.981366459627328,77.513,127.81844067549663,38.338956181930634,Alto
Liberia           ,50101,39732,107,53,54,14.743018095324134,13.043478260869565,75.637,103.4234963561937,27.999308481947228,Medio
Liberia           ,50101,39740,38,21,17,11.583550233238068,4.472049689440994,74.609,90.66459992267906,22.591528392909268,Bajo-medio
Liberia           ,50101,39772,80,36,44,21.564993489165225,9.68944099378882,72.862,104.11643448295405,28.293006061856,Medio
Liberia           ,50101,39796,265,125,140,26.345615524294523,32.67080745341615,75.785,134.80142297771067,41.29865045116418,Alto
Liberia           ,50101,39831,153,70,83,12.088487399871454,18.757763975155278,78.569,109.41525137502674,30.538877139635044,Alto-medio
Liberia           ,50101,39905,118,61,57,18.735306750526984,14.409937888198757,77.557,110.70224463872574,31.08436134999949,Alto-medio
Liberia           ,50101,39907,120,58,62,11.793122166436042,14.658385093167702,77.807,104.25850725960375,28.353222737864314,Medio
Liberia           ,50101,39913,31,16,15,13.677152600892054,3.602484472049689,77.365,94.64463707294173,24.27844275630872,Bajo-medio
Liberia           ,50101,39922,84,37,47,7.539251663777352,10.186335403726709,77.167,94.89258706750407,24.38353484249802,Bajo-medio
Liberia           ,50101,39924,235,104,131,9.727130691685538,28.944099378881987,77.2,115.87123007056752,33.27520415874084,Alto-medio
Liberia           ,50101,39933,48,22,26,33.48110170957786,5.714285714285714,69.051,108.24638742386358,30.04346131469812,Alto-medio
Liberia           ,50101,39944,73,40,33,23.64884542479258,8.819875776397515,71.837,104.3057212011901,28.373234077760838,Medio
Liberia           ,50101,39947,82,34,48,15.541254990191936,9.937888198757763,75.275,100.75414318894971,26.86791949516038,Medio
Liberia           ,50101,39964,56,28,28,17.825125125005044,6.70807453416149,80.005,104.53819965916654,28.471768647950853,Medio
Liberia           ,50101,39982,114,54,60,22.383677914748006,13.91304347826087,74.379,110.67572139300887,31.073119634790668,Alto-medio
Liberia           ,50101,39998,144,64,80,13.254475058525273,17.63975155279503,83.257,114.15122661132031,32.546191229726,Alto-medio
Liberia           ,50101,39999,52,23,29,16.77987112295081,6.211180124223603,76.292,99.28305124717441,26.24440618792953,Medio
Liberia           ,50101,40011,21,8,13,15.232817579635777,2.360248447204969,79.101,96.69406602684074,25.14708066308574,Medio
Liberia           ,50101,40016,212,94,118,19.916767508439754,26.08695652173913,76.06,122.06372403017889,35.899854786698754,Alto
Liberia           ,50101,40025,42,18,24,10.496042906202192,4.968944099378882,74.681,90.14598700558108,22.371717485154466,Bajo-medio
Liberia           ,50101,40032,68,31,37,10.015090832412094,8.198757763975156,75.32,93.53384859638724,23.807641865499274,Bajo-medio
Liberia           ,50101,40038,74,39,35,8.641677294469558,8.944099378881988,83.462,101.04777667335155,26.992374248649252,Medio
Liberia           ,50101,40089,60,27,33,15.541408416911306,7.204968944099378,77.685,100.43137736101069,26.731117176335566,Medio
Liberia           ,50101,40128,46,20,26,20.035037643668574,5.46583850931677,78.605,104.10587615298535,28.288530978381832,Medio
Liberia           ,50101,40134,239,104,135,28.39864690290352,29.440993788819874,83.318,141.15764069172337,43.992694389410936,Alto
Liberia           ,50101,40158,19,7,12,14.738809096727875,2.111801242236025,78.217,95.0676103389639,24.457717383868335,Bajo-medio
Liberia           ,50101,40231,54,27,27,5.354315412337676,6.459627329192546,77.873,89.68694274153023,22.177154386060682,Bajo-medio
Liberia           ,50101,40233,135,57,78,15.585178119865331,16.52173913043478,75.909,108.01591725030012,29.94577794355328,Alto-medio
Liberia           ,50101,40242,56,30,26,7.667833984984136,6.70807453416149,81.201,95.57690851914562,24.67358029744567,Bajo-medio
Liberia           ,50101,40250,72,41,31,34.216091491441155,8.695652173913043,73.185,116.0967436653542,33.37078671433643,Alto-medio
Liberia           ,50101,40276,73,39,34,13.480099231339985,8.819875776397515,80.315,102.6149750077375,27.656621661615453,Medio
Liberia           ,50101,40286,35,20,15,12.80305252504989,4.099378881987578,75.541,92.44343140703747,23.345475219971757,Bajo-medio
Liberia           ,50101,40313,77,45,32,27.299962797834752,9.316770186335404,74.991,111.60773298417016,31.468147037959753,Alto-medio
Liberia           ,50101,40327,46,24,22,9.253831090681965,5.46583850931677,77.257,91.97666959999874,23.147641087562228,Bajo-medio
Liberia           ,50101,40328,17,9,8,20.219967375166288,1.8633540372670807,78.41,100.49332141243336,26.75737178304575,Medio
Liberia           ,50101,40340,80,35,45,14.343980610080584,9.68944099378882,77.168,101.2014216038694,27.057495711180575,Medio
Liberia           ,50101,40419,84,39,45,12.694406638871305,10.186335403726709,74.26,97.14074204259802,25.336401555911394,Medio
Liberia           ,50101,40422,51,28,23,14.94835102887456,6.086956521739131,84.289,105.3243075506137,28.804955661839994,Medio
Liberia           ,50101,40424,102,53,49,13.202291440434207,12.422360248447205,77.62,103.24465168888142,27.92350626535572,Medio
Liberia           ,50101,40437,45,21,24,9.37587919454969,5.341614906832298,78.188,92.90549410138199,23.54131766225383,Bajo-medio
Liberia           ,50101,40441,98,45,53,19.271480086219707,11.925465838509316,74.873,106.06994592472903,29.120989918734796,Alto-medio
Liberia           ,50101,40463,35,18,17,22.875400299857723,4.099378881987578,70.214,97.18877918184529,25.35676180309338,Medio
Liberia           ,50101,40465,60,33,27,11.231266035053347,7.204968944099378,74.621,93.05723497915272,23.605632103693,Bajo-medio
Liberia           ,50101,40467,55,24,31,36.88250447816721,6.583850931677018,69.427,112.89335540984425,32.013050227025445,Alto-medio
Liberia           ,50101,40496,166,80,86,37.92758807187694,20.372670807453417,73.56,131.86025887933036,40.05205606639943,Alto
Liberia           ,50101,40523,47,22,25,12.099265719605224,5.590062111801243,77.189,94.87832783140647,24.37749115263383,Bajo-medio
Liberia           ,50101,40529,56,27,29,14.024286822661134,6.70807453416149,78.984,99.71636135682262,26.428062023333855,Medio
Liberia           ,50101,40534,58,29,29,9.379590365185967,6.956521739130435,77.749,94.0851121043164,24.04129152615188,Bajo-medio
Liberia           ,50101,40547,60,30,30,23.401050878895642,7.204968944099378,73.876,104.48201982299503,28.4479571685618,Medio
Liberia           ,50101,40574,35,17,18,12.100151455752377,4.099378881987578,77.502,93.70153033773995,23.878712744309798,Bajo-medio
Liberia           ,50101,40589,66,30,36,2.865096426717634,7.950310559006211,77.642,88.45740698572384,21.65602318841693,Bajo
Liberia           ,50101,40611,23,13,10,11.987421465382319,2.608695652173913,80.534,95.13011711755624,24.484210499041968,Bajo-medio
Liberia           ,50101,40612,23,11,12,21.89168952416641,2.608695652173913,73.399,97.89938517634033,25.65794780050356,Medio
Liberia           ,50101,40634,43,22,21,20.400424213214556,5.093167701863354,74.285,99.77859191507791,26.45443806420983,Medio
Liberia           ,50101,40652,55,24,31,11.760169237722899,6.583850931677018,76.272,94.61602016939992,24.266313657057093,Bajo-medio
Liberia           ,50101,40662,137,76,61,19.191261304678818,16.77018633540373,77.66,113.62144764008255,32.3216476583302,Alto-medio
Liberia           ,50101,40668,152,79,73,34.611491800140406,18.633540372670808,73.77,127.0150321728112,37.998436409956184,Alto
Liberia           ,50101,40676,24,13,11,21.098676756649336,2.732919254658385,73.521,97.35259601130772,25.426194562676667,Medio
Liberia           ,50101,40683,118,54,64,19.773930894713526,14.409937888198757,74.364,108.54786878291229,30.171242341777955,Alto-medio
Liberia           ,50101,40686,113,53,60,8.934138278813105,13.788819875776397,75.101,97.8239581545895,25.625978519419963,Medio
Liberia           ,50101,40704,70,35,35,11.104111411597822,8.4472049689441,78.825,98.37631638054192,25.860092169600208,Medio
Liberia           ,50101,40735,230,114,116,28.574003224146406,28.322981366459626,74.119,131.01598459060602,39.694215581366784,Alto
Liberia           ,50101,40736,57,27,30,19.718279651320664,6.832298136645963,77.53,104.08057778796663,28.27780842135299,Medio
Liberia           ,50101,40741,95,45,50,11.940096492424894,11.5527950310559,77.921,101.4138915234808,27.14754978496205,Medio
Liberia           ,50101,40744,132,60,72,12.915415610179902,16.149068322981368,77.506,106.57048393316127,29.3331398871832,Alto-medio
Liberia           ,50101,40747,26,12,14,17.702043345720025,2.981366459627329,80.936,101.61940980534736,27.234657449672916,Medio
Liberia           ,50101,40752,120,65,55,23.241001241262992,14.658385093167702,71.625,109.52438633443069,30.585133323589353,Alto-medio
Liberia           ,50101,40755,295,140,155,23.938882027043658,36.39751552795031,80.244,140.58039755499397,43.74803342224928,Alto
Liberia           ,50101,40764,67,34,33,17.638846210126957,8.074534161490684,75.447,101.16038037161763,27.040100636319885,Medio
Liberia           ,50101,40782,45,20,25,14.487102440850483,5.341614906832298,79.932,99.76071734768279,26.446862038323637,Medio
Liberia           ,50101,40827,82,41,41,31.879555089816698,9.937888198757763,71.281,113.09844328857446,32.099975468003734,Alto-medio
Liberia           ,50101,40828,65,33,32,8.159331796650093,7.82608695652174,79.855,95.84041875317183,24.785267495805677,Bajo-medio
Liberia           ,50101,40844,57,24,33,9.50457537858209,6.832298136645963,78.296,94.63287351522806,24.273456844438382,Bajo-medio
Liberia           ,50101,40845,74,40,34,17.69950480242227,8.944099378881988,77.358,104.00160418130426,28.244335941981934,Medio
Liberia           ,50101,40860,56,29,27,21.347703203274744,6.70807453416149,73.577,101.63277773743623,27.24032336579337,Medio
Liberia           ,50101,40864,18,11,7,20.99439149718142,1.9875776397515528,78.087,101.06896913693298,27.001356544507715,Medio
Liberia           ,50101,40865,39,17,22,8.797890854126186,4.596273291925466,77.225,90.61916414605165,22.572270717337087,Bajo-medio
Liberia           ,50101,40914,119,49,70,24.4623793247465,14.534161490683232,74.938,113.93454081542973,32.45435028261114,Alto-medio
Liberia           ,50101,40925,171,84,87,30.488860756227965,20.99378881987578,74.255,125.73764957610373,37.45702562191867,Alto
Liberia           ,50101,40937,58,27,31,17.43533050269753,6.956521739130435,75.003,99.39485224182796,26.291792354591557,Medio
Liberia           ,50101,40950,39,17,22,8.044686992965183,4.596273291925466,78.902,91.54296028489065,22.963816051369363,Bajo-medio
Liberia           ,50101,40951,119,54,65,24.431168696435318,14.534161490683232,74.993,113.95833018711855,32.46443326206159,Alto-medio
Liberia           ,50101,40958,123,62,61,25.26753988781313,15.031055900621118,73.651,113.94959578843424,32.46073124068843,Alto-medio
Liberia           ,50101,40961,114,51,63,14.638854501645767,13.91304347826087,76.694,105.24589797990663,28.771722245653166,Medio
Liberia           ,50101,40981,56,30,26,9.79179258747449,6.70807453416149,76.352,92.85186712163599,23.518588195421266,Bajo-medio
Liberia           ,50101,41013,23,8,15,13.11101585403052,2.608695652173913,75.329,91.04871150620443,22.754331734419356,Bajo-medio
Liberia           ,50101,41014,22,11,11,13.89227993948042,2.484472049689441,74.474,90.85075198916986,22.67042780587558,Bajo-medio
Liberia           ,50101,41022,56,33,23,17.386469876651436,6.70807453416149,74.906,99.00054441081294,26.124667396047833,Medio
Liberia           ,50101,41041,99,48,51,26.70628581510896,12.049689440993788,74.717,113.47297525610274,32.25871854796067,Alto-medio
Liberia           ,50101,41048,77,35,42,11.104850605073112,9.316770186335404,75.699,96.12062079140851,24.904029413121965,Bajo-medio
Liberia           ,50101,41051,176,81,95,25.403435781542065,21.614906832298136,84.873,131.8913426138402,40.06523071684441,Alto
Liberia           ,50101,41065,143,70,73,17.90893829717856,17.51552795031056,74.42,109.84446624748912,30.720797233846643,Alto-medio
Liberia           ,50101,41075,63,32,31,6.424741019897866,7.577639751552795,78.106,92.10838077145065,23.203466060685336,Bajo-medio
Liberia           ,50101,41168,97,46,51,16.31060476888657,11.801242236024844,74.061,102.17284700491142,27.469228416208384,Medio
Liberia           ,50101,41169,92,44,48,16.764846485858598,11.180124223602485,74.512,102.45697070946107,27.58965250776629,Medio
Liberia           ,50101,41206,119,54,65,27.883191654325522,14.534161490683232,74.089,116.50635314500875,33.544397182914146,Alto-medio
Liberia           ,50101,41231,21,7,14,23.302281925320038,2.360248447204969,75.781,101.44353037252502,27.160112029554167,Medio
Liberia           ,50101,41279,22,12,10,23.268058959119486,2.484472049689441,94.22,119.97253100880893,35.01351543578168,Alto-medio
Liberia           ,50101,41284,121,64,57,15.46460261502193,14.782608695652174,75.226,105.4732113106741,28.868067608318558,Medio
Liberia           ,50101,41322,107,49,58,22.31240606570843,13.043478260869565,72.723,108.07888432657799,29.972466153081022,Alto-medio
Liberia           ,50101,41345,62,31,31,15.329418131789676,7.453416149068323,74.512,97.294834280858,25.401712607088882,Medio
Liberia           ,50101,41378,128,60,68,12.950384795588532,15.65217391304348,77.471,106.07355870863202,29.12252117505923,Alto-medio
Liberia           ,50101,41392,18,8,10,17.573143510180074,1.9875776397515528,77.965,97.52572114993163,25.499572592072926,Medio
Liberia           ,50101,41400,45,24,21,17.1328157580623,5.341614906832298,73.818,96.2924306648946,24.976849975447216,Bajo-medio
Liberia           ,50101,41428,68,31,37,17.42194418459499,8.198757763975156,81.177,106.79770194857015,29.429444851017788,Alto-medio
Liberia           ,50101,41429,40,21,19,17.149308245245436,4.720496894409938,73.248,95.11780513965537,24.478992142635054,Bajo-medio
Liberia           ,50101,41455,175,79,96,19.679875240020454,21.490683229813666,75.388,116.55855846983413,33.56652409001803,Alto-medio
Liberia           ,50101,41460,53,31,22,14.737526624925481,6.3354037267080745,75.07,96.14293035163355,24.9134851835492,Bajo-medio
Liberia           ,50101,41487,60,28,32,25.69600573792057,7.204968944099378,74.145,107.04597468201995,29.534673728107357,Alto-medio
Liberia           ,50101,41489,113,52,61,19.76253989095621,13.788819875776397,73.839,107.3903597667326,29.68063923647051,Alto-medio
Liberia           ,50101,41493,130,64,66,20.882757134158265,15.900621118012422,74.378,111.16137825217069,31.278962319286585,Alto-medio
Liberia           ,50101,41505,47,23,24,8.767572415238247,5.590062111801243,80.355,94.7126345270395,24.307263060658027,Bajo-medio
Liberia           ,50101,41518,129,60,69,20.13657036576974,15.77639751552795,74.955,110.86796788129769,31.154602131100056,Alto-medio
Liberia           ,50101,41554,27,15,12,16.31287712896738,3.1055900621118013,76.715,96.13346719107918,24.909474280922,Bajo-medio
Liberia           ,50101,41560,24,10,14,13.357136529507569,2.732919254658385,78.304,94.39405578416596,24.172235412187042,Bajo-medio
Liberia           ,50101,41564,30,16,14,16.136141537190856,3.4782608695652173,77.701,97.31540240675606,25.410430281245112,Medio
Liberia           ,50101,41587,44,22,22,9.253808740821201,5.217391304347826,78.378,92.84920004516903,23.517457771399947,Bajo-medio
Liberia           ,50101,41590,60,29,31,13.0025896771603,7.204968944099378,77.668,97.87555862125969,25.64784906110028,Medio
Liberia           ,50101,41592,64,28,36,16.347835364699236,7.7018633540372665,76.309,100.35869871873649,26.700312779055853,Medio
Liberia           ,50101,41599,44,23,21,15.51579080759073,5.217391304347826,71.842,92.57518211193855,23.4013169491051,Bajo-medio
Liberia           ,50101,41600,53,32,21,20.8617419140447,6.3354037267080745,77.229,104.42614564075276,28.424275238718145,Medio
Liberia           ,50101,41620,102,51,51,10.158729783510015,12.422360248447205,80.65,103.23109003195722,27.91775824015062,Medio
Liberia           ,50101,41647,108,55,53,22.97074066397902,13.167701863354036,75.054,111.19244252733306,31.292128722006353,Alto-medio
Liberia           ,50101,41676,56,26,30,18.689329629348183,6.70807453416149,77.894,103.29140416350968,27.943322015309125,Medio
Liberia           ,50101,41680,64,31,33,18.24591369781364,7.7018633540372665,74.733,100.68077705185091,26.836823707411035,Medio
Liberia           ,50101,41693,33,15,18,17.880012281985678,3.8509316770186333,78.111,99.84194395900431,26.48128943991699,Medio
Liberia           ,50101,41696,12,6,6,17.621795315799073,1.2422360248447204,63.355,82.2190313406438,19.01192588915622,Bajo
Liberia           ,50101,41703,48,20,28,25.933633486243856,5.714285714285714,73.179,104.82691920052957,28.594140656786816,Medio
Liberia           ,50101,41716,30,13,17,17.450385165304958,3.4782608695652173,76.693,97.62164603487017,25.540229766893415,Medio
Liberia           ,50101,41726,65,33,32,4.504110914051294,7.82608695652174,77.172,89.50219787057303,22.098851404300447,Bajo-medio
Liberia           ,50101,41748,68,31,37,11.456351975452868,8.198757763975156,78.235,97.89010973942803,25.65401646339201,Medio
Liberia           ,50101,41787,236,110,126,21.541513345615147,29.068322981366464,74.413,125.0228363269816,37.15405640540953,Alto
Liberia           ,50101,41797,64,32,32,7.680602006520987,7.7018633540372665,79.474,94.85646536055826,24.36822487829998,Bajo-medio
Liberia           ,50101,41799,36,14,22,17.506830326994223,4.22360248447205,97.052,118.78243281146628,34.50909960568808,Alto-medio
Liberia           ,50101,41822,126,61,65,16.46627857741595,15.403726708074533,76.124,107.99400528549047,29.93649069150709,Alto-medio
Liberia           ,50101,41823,128,58,70,26.879205751103907,15.65217391304348,72.472,115.00337966414739,32.90737108065625,Alto-medio
Liberia           ,50101,41848,130,59,71,12.296802355313076,15.900621118012422,74.299,102.4964234733255,27.606374320032366,Medio
Liberia           ,50101,41900,86,38,48,19.71540484406792,10.434782608695652,81.762,111.91218745276358,31.597188199306075,Alto-medio
Liberia           ,50101,41921,41,17,24,8.532947466279463,4.84472049689441,82.693,96.07066796317388,24.882857212898692,Bajo-medio
Liberia           ,50101,41925,54,25,29,16.277281098399996,6.459627329192546,73.351,96.08790842759254,24.890164478122987,Bajo-medio
Liberia           ,50101,41955,133,61,72,10.21452961291351,16.273291925465838,72.3,98.78782153837935,26.034506109762322,Medio
Liberia           ,50101,41969,57,28,29,6.497798581161816,6.832298136645963,79.117,92.44709671780778,23.34702873948711,Bajo-medio
Liberia           ,50101,41971,73,34,39,15.54792647850902,8.819875776397515,74.326,98.69380225490653,25.994656612448875,Medio
Liberia           ,50101,41972,77,44,33,33.85107111371607,9.316770186335404,72.387,115.55484130005146,33.14110471663724,Alto-medio
Liberia           ,50101,41988,69,30,39,17.886040622744062,8.322981366459627,75.801,102.0100219892037,27.40021603080892,Medio
Liberia           ,50101,42017,58,32,26,16.65837391592367,6.956521739130435,75.39,99.0048956550541,26.1265116442626,Medio
Liberia           ,50101,42029,57,27,30,7.419343290440421,6.832298136645963,79.352,93.60364142708639,23.837223129222128,Bajo-medio
Liberia           ,50101,42035,93,46,47,17.861330107342674,11.304347826086957,85.619,114.78467793342963,32.81467569191502,Alto-medio
Liberia           ,50101,42040,60,31,29,13.85372292054718,7.204968944099378,77.892,98.95069186464656,26.10353769976484,Medio
Liberia           ,50101,42049,57,27,30,18.20079702530343,6.832298136645963,82.992,108.0250951619494,29.94966794517956,Alto-medio
Liberia           ,50101,42064,48,24,24,16.31003634623906,5.714285714285714,78.275,100.29932206052479,26.67514634622962,Medio
Liberia           ,50101,42067,95,49,46,8.12453316780366,11.5527950310559,75.709,95.38632819885956,24.592803996236874,Bajo-medio
Liberia           ,50101,42074,105,43,62,4.470223997335234,12.79503105590062,75.797,93.06225505323584,23.607759831338853,Bajo-medio
Liberia           ,50101,42090,172,80,92,21.703374268541264,21.11801242236025,76.071,118.8923866909015,34.55570288388073,Alto-medio
Liberia           ,50101,42157,127,64,63,16.25907290560132,15.527950310559005,74.343,106.13002321616034,29.1464533106589,Alto-medio
Liberia           ,50101,42158,66,40,26,34.35918811665037,7.950310559006211,69.443,111.75249867565658,31.52950508942412,Alto-medio
Liberia           ,50101,42169,66,31,35,8.980258079709095,7.950310559006211,81.185,98.1155686387153,25.74957583663526,Medio
Liberia           ,50101,42188,30,14,16,10.340432349128852,3.4782608695652173,77.51,91.32869321869407,22.873000268017538,Bajo-medio
Liberia           ,50101,42201,61,25,36,30.914618204984844,7.329192546583851,69.392,107.6358107515687,29.784672132696922,Alto-medio
Liberia           ,50101,42220,164,74,90,19.909603573425333,20.124223602484474,75.672,115.7058271759098,33.205099155141184,Alto-medio
Liberia           ,50101,42223,142,61,81,15.274505530905017,17.391304347826086,74.851,107.5168098787311,29.7342343417749,Alto-medio
Liberia           ,50101,42244,136,70,66,10.69536311848782,16.645962732919255,78.804,106.14532585140708,29.152939238860316,Alto-medio
Liberia           ,50101,42258,83,39,44,12.349386896955979,10.062111801242237,79.779,102.19049869819821,27.47670997826914,Medio
Liberia           ,50101,42271,79,39,40,15.598774582581083,9.565217391304348,74.592,99.75599197388543,26.444859217588494,Medio
Liberia           ,50101,42275,234,113,121,25.017874227811742,28.819875776397513,75.705,129.54275000420927,39.06979412733953,Alto
Liberia           ,50101,42283,127,55,72,13.474260534041282,15.527950310559005,77.494,106.49621084460028,29.301659693612827,Alto-medio
Liberia           ,50101,42287,39,15,24,16.23421294995935,4.596273291925466,70.157,90.98748624188481,22.72838178121933,Bajo-medio
Liberia           ,50101,42316,59,28,31,10.14638848736971,7.080745341614906,78.443,95.67013382898462,24.713093273898515,Bajo-medio
Liberia           ,50101,42337,80,38,42,13.04174865244515,9.68944099378882,75.225,97.95618964623397,25.682024027069065,Medio
Liberia           ,50101,42341,103,48,55,9.674707517554662,12.546583850931677,77.52,99.74129136848634,26.438628456049813,Medio
Liberia           ,50101,42343,56,28,28,17.097653639961532,6.70807453416149,78.974,102.77972817412302,27.726451281867348,Medio
Liberia           ,50101,42382,62,22,40,10.416616489352544,7.453416149068323,77.363,95.23303263842087,24.527830612073277,Bajo-medio
Liberia           ,50101,42399,36,11,25,12.896279685247682,4.22360248447205,78.228,95.34788216971972,24.576508882316297,Bajo-medio
Liberia           ,50101,42402,36,14,22,20.635705171492898,4.22360248447205,75.891,100.75030765596495,26.86629382800226,Medio
Liberia           ,50101,42413,182,93,89,18.438118121396492,22.36024844720497,79.699,120.49736656860146,35.235963772521046,Alto-medio
Liberia           ,50101,42436,136,70,66,20.990800120438223,16.645962732919255,78.991,116.62776285335748,33.59585594401041,Alto-medio
Liberia           ,50101,42446,83,40,43,23.832858301749347,10.062111801242237,75.977,109.87197010299158,30.732454574505613,Alto-medio
Liberia           ,50101,42451,49,22,27,26.510386876284286,5.838509316770186,70.412,102.76089619305448,27.718469462061044,Medio
Liberia           ,50101,42472,143,66,77,23.997078260744896,17.51552795031056,79.226,120.73860621105545,35.33821171707858,Alto-medio
Liberia           ,50101,42478,22,10,12,23.94838819430992,2.484472049689441,75.153,101.58586024399936,27.220437673628883,Medio
Liberia           ,50101,42487,308,145,163,30.01274503465936,38.01242236024845,76.383,144.40816739490782,45.3704102189864,Alto
Liberia           ,50101,42499,29,15,14,19.419834119002928,3.354037267080745,73.599,96.37287138608367,25.010944282322495,Bajo-medio
Liberia           ,50101,42550,82,40,42,15.321171028807113,9.937888198757763,72.812,98.07105922756487,25.73071079539534,Medio
Liberia           ,50101,42557,109,50,59,16.30133533415228,13.291925465838508,75.392,104.98526079999078,28.661252773676765,Medio
Liberia           ,50101,42562,5,3,2,26.289831911050953,0.37267080745341613,79.289,105.95150271850437,29.070788491390264,Alto-medio
Liberia           ,50101,42566,55,26,29,22.14520624640022,6.583850931677018,76.991,105.72005717807724,28.972691716975607,Alto-medio
Liberia           ,50101,42574,57,30,27,15.013453164930551,6.832298136645963,74.687,96.53275130157651,25.078708405038324,Medio
Liberia           ,50101,42577,137,62,75,31.193869188806612,16.77018633540373,74.084,122.04805552421034,35.893213786433314,Alto
Liberia           ,50101,42594,70,34,36,10.72634925051301,8.4472049689441,78.281,97.45455421945712,25.469408924578374,Medio
Liberia           ,50101,42596,14,7,7,17.444011624890937,1.4906832298136645,80.624,99.5586948547046,26.361236042317,Medio
Liberia           ,50101,42628,66,27,39,15.810855166244538,7.950310559006211,75.747,99.50816572525075,26.33981958035253,Medio
Liberia           ,50101,42652,234,123,111,45.75395508667063,28.819875776397513,73.124,147.69783086306813,46.76471392663492,Alto
Liberia           ,50101,42669,24,13,11,23.928937041982916,2.732919254658385,71.311,97.97285629664131,25.689088084740003,Medio
Liberia           ,50101,42671,82,43,39,13.466294447694246,9.937888198757763,77.289,100.69318264645202,26.842081742682822,Medio
Liberia           ,50101,42678,63,24,39,13.155406238338042,7.577639751552795,81.747,102.48004598989084,27.599432824011295,Medio
Liberia           ,50101,42697,51,28,23,15.909754236614937,6.086956521739131,73.251,95.24771075835407,24.534051843285003,Bajo-medio
Liberia           ,50101,42700,189,88,101,23.707022646289015,23.229813664596275,82.851,129.7878363108853,39.1736724569619,Alto
Liberia           ,50101,42707,154,66,88,32.86311313808486,18.88198757763975,75.914,127.65910071572462,38.27142091613917,Alto
Liberia           ,50101,42716,466,227,239,78.77358409220157,57.639751552795026,72.159,208.5723356449966,72.56599984545765,Alto
Liberia           ,50101,42749,52,26,26,6.853125982124617,6.211180124223603,79.689,92.75330610634822,23.476813712901876,Bajo-medio
Liberia           ,50101,42767,53,24,29,19.564974060135764,6.3354037267080745,74.941,100.84137778684385,26.904893345056053,Medio
Liberia           ,50101,42769,268,138,130,35.3024902362073,33.04347826086956,73.937,142.28296849707687,44.46965768566014,Alto
Liberia           ,50101,42770,27,15,12,18.830801158413642,3.1055900621118013,77.75,99.68639122052545,26.41535936466913,Medio
Liberia           ,50101,42771,16,10,6,18.750553128492694,1.7391304347826086,80.769,101.25868356327531,27.081765841873157,Medio
Liberia           ,50101,42778,166,80,86,19.213261497077315,20.372670807453417,75.645,115.23093230453073,33.00381787323625,Alto-medio
Liberia           ,50101,42780,107,43,64,15.430154943951447,13.043478260869565,77.353,105.82663320482101,29.017863312998582,Alto-medio
Liberia           ,50101,42791,57,25,32,14.054380182076306,6.832298136645963,76.588,97.47467831872225,25.477938400766455,Medio
Liberia           ,50101,42793,79,37,42,16.03893536413782,9.565217391304348,76.711,102.31515275544217,27.529543836768926,Medio
Liberia           ,50101,42830,146,78,68,22.48422854210744,17.888198757763977,80.404,120.77642729987141,35.35424195387143,Alto-medio
Liberia           ,50101,42833,53,35,18,16.01471207026083,6.3354037267080745,72.387,94.73711579696891,24.317639296939,Bajo-medio
Liberia           ,50101,42836,398,191,207,54.32967278413759,49.192546583850934,73.37,176.89221936798853,59.138576642052975,Alto
Liberia           ,50101,42857,8,4,4,26.201464115162697,0.7453416149068323,81.428,108.37480573006953,30.097890627059677,Alto-medio
Liberia           ,50101,42864,90,39,51,14.502716641094743,10.93167701863354,74.411,99.84539365972829,26.48275157443509,Medio
Liberia           ,50101,42878,536,271,265,88.42428868305106,66.33540372670808,74.171,228.93069240975916,81.19476463963095,Alto
Liberia           ,50101,42882,13,5,8,19.666699419790646,1.3664596273291925,77.706,98.73915904711984,26.013880810961016,Medio
Liberia           ,50101,42884,57,25,32,13.929974805270573,6.832298136645963,80.674,101.43627294191654,27.157036012051666,Medio
Liberia           ,50101,42925,122,60,62,15.632663496588838,14.906832298136646,79.247,109.78649579472548,30.696226812584797,Alto-medio
Liberia           ,50101,42941,62,32,30,11.353761419266727,7.453416149068323,81.403,100.21017756833506,26.63736299933727,Medio
Liberia           ,50101,43000,28,17,11,9.949832790589543,3.229813664596273,70.072,83.25164645518582,19.449593479386966,Bajo
Liberia           ,50101,43003,88,43,45,10.711431822189637,10.683229813664596,81.52,102.91466163585423,27.783642002984756,Medio
Liberia           ,50101,43006,6,3,3,23.949505980506654,0.4968944099378882,78.466,102.91240039044453,27.78268358797083,Medio
Liberia           ,50101,43013,83,36,47,11.881523033297947,10.062111801242237,78.343,100.2866348345402,26.66976894322129,Medio
Liberia           ,50101,43017,119,58,61,20.26552824043619,14.534161490683232,77.812,112.61168973111941,31.893667954654898,Alto-medio
Liberia           ,50101,43043,17,6,11,16.943021494654307,1.8633540372670807,76.732,95.53837553192139,24.657248326873752,Bajo-medio
Liberia           ,50101,43080,81,40,41,21.571467262916197,9.813664596273291,74.109,105.49413185918948,28.8769346546421,Medio
Liberia           ,50101,43102,87,47,40,9.295090406209887,10.559006211180124,76.337,96.19109661739002,24.933900160211046,Bajo-medio
Liberia           ,50101,43124,22,10,12,26.573600282288222,2.484472049689441,70.103,99.16107233197766,26.19270617199784,Medio
Liberia           ,50101,43141,118,54,64,16.07179827272775,14.409937888198757,78.269,108.75073616092652,30.25722643713114,Alto-medio
Liberia           ,50101,43145,20,11,9,18.637826035002895,2.236024844720497,76.006,96.87985087972339,25.22582443481388,Medio
Liberia           ,50101,43168,10,5,5,13.140100948128937,0.9937888198757764,85.078,99.21188976800471,26.214244830937123,Medio
Liberia           ,50101,43177,118,53,65,20.75145261505848,14.409937888198757,74.822,109.98339050325724,30.779679428567952,Alto-medio
Liberia           ,50101,43179,55,27,28,16.779894351972512,6.583850931677018,78.357,101.72074528364953,27.277607871343886,Medio
Liberia           ,50101,43181,64,28,36,10.428470985923104,7.7018633540372665,79.436,97.56633433996038,25.516786243859684,Medio
Liberia           ,50101,43189,10,4,6,24.61122334117343,0.9937888198757764,77.833,103.4380121610492,28.005460916907655,Medio
Liberia           ,50101,43194,56,27,29,17.271272801762944,6.70807453416149,78.513,102.49234733592444,27.604646674166393,Medio
Liberia           ,50101,43221,36,20,16,20.49744990227452,4.22360248447205,97.088,121.80905238674657,35.791913770814475,Alto
Liberia           ,50101,43224,97,47,50,18.674263267374776,11.801242236024844,74.316,104.79150550339962,28.579130778211777,Medio
Liberia           ,50101,43248,72,32,40,22.776399232675924,8.695652173913043,70.617,102.08905140658896,27.43371216521297,Medio
Liberia           ,50101,43268,65,35,30,5.995734509407062,7.82608695652174,75.682,89.50382146592881,22.099539555245425,Bajo-medio
Liberia           ,50101,43272,32,17,15,25.82207006333593,3.7267080745341614,80.517,110.06577813787008,30.814598922770596,Alto-medio
Liberia           ,50101,43278,19,10,9,26.478900183927117,2.111801242236025,78.157,106.74770142616313,29.408252435911734,Alto-medio
Liberia           ,50101,43324,74,29,45,13.321232671620875,8.944099378881988,73.91,96.17533205050286,24.92721844511375,Bajo-medio
Liberia           ,50101,43336,392,191,201,34.93130622115249,48.4472049689441,80.472,163.8505111900966,53.610928527738764,Alto
Liberia           ,50101,43346,59,27,32,7.335853348824928,7.080745341614906,77.165,91.58159869043985,22.980192702852502,Bajo-medio
Liberia           ,50101,43393,32,13,19,10.649093804531153,3.7267080745341614,78.842,93.21780187906532,23.6736874005465,Bajo-medio
Liberia           ,50101,43403,43,20,23,17.18742004050403,5.093167701863354,70.13,92.41058774236738,23.331554633910145,Bajo-medio
Liberia           ,50101,43438,116,55,61,12.969803449200478,14.161490683229813,83.85,110.98129413243029,31.20263476837662,Alto-medio
Liberia           ,50101,43439,188,89,99,27.33102034655338,23.1055900621118,84.039,134.47561040866518,41.160556789786504,Alto
Liberia           ,50101,43450,91,47,44,11.025789190900156,11.055900621118013,74.456,96.53768981201817,25.08080156243443,Medio
Liberia           ,50101,43454,106,56,50,19.981103888179955,12.919254658385093,74.754,107.65435854656505,29.792533501977523,Alto-medio
Liberia           ,50101,43486,110,53,57,26.24008092782001,13.41614906832298,73.632,113.288229996143,32.18041540132409,Alto-medio
Liberia           ,50101,43489,50,18,32,22.086018198004226,5.962732919254658,71.873,99.92175111725889,26.515115215023854,Medio
Liberia           ,50101,43503,97,45,52,16.373981756657948,11.801242236024844,81.237,109.41222399268278,30.537594002175084,Alto-medio
Liberia           ,50101,43513,24,9,15,16.490475227869346,2.732919254658385,83.856,103.07939448252773,27.853463010851193,Medio
Liberia           ,50101,43514,141,68,73,25.378941627813518,17.267080745341616,75.137,117.78302237315513,34.08550561405733,Alto-medio
Liberia           ,50101,43516,123,57,66,23.495330269149775,15.031055900621118,73.234,111.7603861697709,31.532848155483638,Alto-medio
Liberia           ,50101,43521,63,27,36,13.678238876304519,7.577639751552795,78.356,99.61187862785731,26.383777658750198,Medio
Liberia           ,50101,43560,53,22,31,15.47753963820191,6.3354037267080745,77.664,99.47694336490999,26.326586174198376,Medio
Liberia           ,50101,43562,79,36,43,6.146938986071717,9.565217391304348,75.275,90.98715637737607,22.728241970168135,Bajo-medio
Liberia           ,50101,43572,116,52,64,27.356340922331622,14.161490683229813,74.619,116.13683160556144,33.38777774220416,Alto-medio
Liberia           ,50101,43577,55,27,28,8.505401639452819,6.583850931677018,79.987,95.07625257112983,24.461380341027308,Bajo-medio
Liberia           ,50101,43584,53,24,29,7.692220115119552,6.3354037267080745,77.994,92.02162384182762,23.166694667560055,Bajo-medio
Liberia           ,50101,43586,65,31,34,8.864205847256514,7.82608695652174,81.386,98.07629280377824,25.732929014611134,Medio
Liberia           ,50101,43592,43,21,22,15.155034221874944,5.093167701863354,76.13,96.37820192373829,25.01320359805115,Bajo-medio
Liberia           ,50101,43611,43,17,26,9.605014321642924,5.093167701863354,80.139,94.83718202350627,24.360051754025218,Bajo-medio
Liberia           ,50101,43616,57,36,21,16.89881706350433,6.832298136645963,75.753,99.4841152001503,26.329625912628458,Medio
Liberia           ,50101,43634,137,59,78,12.57739743742973,16.77018633540373,77.426,106.77358377283346,29.419222509985985,Alto-medio
Liberia           ,50101,43653,51,29,22,18.017217129751625,6.086956521739131,81.223,105.32717365149075,28.806170441138256,Medio
Liberia           ,50101,43656,70,34,36,16.579875768221296,8.4472049689441,77.313,102.3400807371654,27.540109409107032,Medio
Liberia           ,50101,43659,60,22,38,11.797123236907504,7.204968944099378,77.813,96.81509218100689,25.198376857091464,Medio
Liberia           ,50101,43662,70,35,35,16.51107057523539,8.4472049689441,74.719,99.67727554417948,26.411495741094882,Medio
Liberia           ,50101,43664,66,37,29,14.704630450447437,7.950310559006211,72.568,95.22294100945365,24.52355333695946,Bajo-medio
Liberia           ,50101,43713,122,59,63,19.181652191022224,14.906832298136646,75.446,109.53448448915887,30.589413364606976,Alto-medio
Liberia           ,50101,43717,95,36,59,25.169473742015636,11.5527950310559,72.384,109.10626877307153,30.40791675670385,Alto-medio
Liberia           ,50101,43720,83,40,43,26.67968704784419,10.062111801242237,74.388,111.12979884908643,31.26557758275293,Alto-medio
Liberia           ,50101,43722,47,22,25,13.496667261518756,5.590062111801243,78.5,97.58672937332,25.525430553803897,Medio
Liberia           ,50101,43733,148,84,64,19.993585511870954,18.13664596273292,75.036,113.16623147460388,32.128707075364304,Alto-medio
Liberia           ,50101,43734,88,47,41,11.235591173220875,10.683229813664596,83.623,105.54182098688548,28.897147399260092,Medio
Liberia           ,50101,43763,121,61,60,32.867061743860845,14.782608695652174,68.618,116.26767043951301,33.44323298042191,Alto-medio
Liberia           ,50101,43767,69,33,36,13.112067814172054,8.322981366459627,78.07,99.50504918063167,26.338498652008496,Medio
Liberia           ,50101,43771,177,89,88,29.429045623548234,21.73913043478261,73.596,124.76417605833085,37.04442483516176,Alto
Liberia           ,50101,43795,87,45,42,13.712421743386315,10.559006211180124,83.6,107.87142795456643,29.88453704073544,Alto-medio
Liberia           ,50101,43815,132,62,70,14.870004989236401,16.149068322981368,74.855,105.87407331221777,29.037970511888307,Alto-medio
Liberia           ,50101,43822,108,50,58,16.57425803412506,13.167701863354036,90.317,120.05895989747908,35.05014779075874,Alto-medio
Liberia           ,50101,43835,118,57,61,21.87917907800055,14.409937888198757,74.561,110.85011696619932,31.147036130094953,Alto-medio
Liberia           ,50101,43869,282,153,129,29.104316619236364,34.78260869565217,82.586,146.47292531488853,46.24554521412792,Alto
Liberia           ,50101,43874,28,9,19,19.228646459086633,3.229813664596273,78.049,100.5074601236829,26.76336438919146,Medio
Liberia           ,50101,43884,81,38,43,19.68535214997004,9.813664596273291,72.804,102.30301674624333,27.524400063618337,Medio
Liberia           ,50101,43908,62,31,31,11.468329965962711,7.453416149068323,77.558,96.47974611503105,25.056242481444546,Medio
Liberia           ,50101,43910,55,33,22,3.0930892747488095,6.583850931677018,79.638,89.31494020642583,22.01948339054065,Bajo-medio
Liberia           ,50101,43927,19,8,11,14.112550370273144,2.111801242236025,79.003,95.22735161250917,24.525422744044043,Bajo-medio
Liberia           ,50101,43950,203,94,109,17.007627547228303,24.96894409937888,78.265,120.24157164660718,35.12754666189977,Alto-medio
Liberia           ,50101,43984,115,54,61,22.066184748769118,14.037267080745341,74.427,110.53045182951446,31.01154802026257,Alto-medio
Liberia           ,50101,43992,89,46,43,14.880851039343042,10.807453416149068,73.373,99.06130445549212,26.150420168753325,Medio
Liberia           ,50101,44006,117,52,65,15.287525539863566,14.285714285714285,75.915,105.48823982557786,28.87443735229194,Medio
Liberia           ,50101,44010,89,39,50,21.438934720195103,10.807453416149068,71.203,103.44938813634417,28.01028255434425,Medio
Liberia           ,50101,44014,98,44,54,8.497097873047826,11.925465838509316,81.756,102.17856371155715,27.471651407298147,Medio
Liberia           ,50101,44036,130,64,66,32.2441325814829,15.900621118012422,72.866,121.01075369949533,35.45355976280775,Alto
Liberia           ,50101,44041,84,44,40,33.422817354347785,10.186335403726709,70.099,113.7081527580745,32.35839709141305,Alto-medio
Liberia           ,50101,44043,32,14,18,31.92231837227606,3.7267080745341614,71.581,107.23002644681023,29.612682941064893,Alto-medio
Liberia           ,50101,44044,47,21,26,7.309239855796158,5.590062111801243,76.463,89.36230196759739,22.03955738286279,Bajo-medio
Liberia           ,50101,44047,41,18,23,13.597252179313083,4.84472049689441,78.298,96.73997267620749,25.166537915183802,Medio
Liberia           ,50101,44063,113,57,56,13.494404217833434,13.788819875776397,75.181,102.46422409360983,27.592726810201622,Medio
Liberia           ,50101,44081,102,47,55,21.11458871450907,12.422360248447205,79.818,113.35494896295627,32.208693826670206,Alto-medio
Liberia           ,50101,44085,84,35,49,10.347665157506164,10.186335403726709,74.432,94.96600056123287,24.41465070206488,Bajo-medio
Liberia           ,50101,44101,43,18,25,15.36097046634268,5.093167701863354,72.916,93.37013816820604,23.73825420344719,Bajo-medio
Liberia           ,50101,44126,51,19,32,12.963267754177604,6.086956521739131,81.326,100.37622427591673,26.707740879100587,Medio
Liberia           ,50101,44145,23,7,16,16.315833470588874,2.608695652173913,78.277,97.20152912276279,25.36216578744182,Medio
Liberia           ,50101,44161,75,32,43,9.20216102433234,9.06832298136646,77.903,96.17348400569881,24.926435162645152,Bajo-medio
Liberia           ,50101,44167,190,83,107,16.34918620906173,23.354037267080745,75.587,115.29022347614247,33.0289480730908,Alto-medio
Liberia           ,50101,44193,31,19,12,12.573171381207068,3.602484472049689,81.002,97.17765585325675,25.35204724841552,Medio
Liberia           ,50101,44203,163,72,91,25.11370510082654,20.0,74.432,119.54570510082654,34.832607889529505,Alto-medio
Liberia           ,50101,44237,47,22,25,17.007704890340992,5.590062111801243,77.368,99.96576700214223,26.533771078178937,Medio
Liberia           ,50101,44258,65,28,37,11.249448878138532,7.82608695652174,76.389,95.46453583466027,24.625951823550754,Bajo-medio
Liberia           ,50101,44259,807,685,122,100.0,100.0,73.299,273.299,100.0,Alto
Liberia           ,50101,44263,41,20,21,16.69964632205156,4.84472049689441,83.977,105.52136681894598,28.88847802548647,Medio
Liberia           ,50101,44273,77,34,43,13.530996573812033,9.316770186335404,77.809,100.65676676014743,26.826647092365786,Medio
Liberia           ,50101,44317,131,71,60,17.646965241842917,16.024844720496894,74.719,108.3908099623398,30.10467392286136,Alto-medio
Liberia           ,50101,44329,37,17,20,18.992509657245346,4.3478260869565215,75.075,98.41533574420187,25.876630287844737,Medio
Liberia           ,50101,44344,119,57,62,18.427944904842995,14.534161490683232,84.009,116.97110639552622,33.74138000094708,Alto-medio
Liberia           ,50101,44363,12,7,5,24.67523183915977,1.2422360248447204,85.674,111.5914678640045,31.461253166421884,Alto-medio
Liberia           ,50101,44375,146,67,79,20.366890295334635,17.888198757763977,76.219,114.47408905309861,32.68303449773472,Alto-medio
Liberia           ,50101,44382,124,64,60,8.300737319563572,15.15527950310559,76.664,100.12001682266916,26.599148919634885,Medio
Liberia           ,50101,44387,37,18,19,11.495622962079,4.3478260869565215,72.33,88.17344904903553,21.535669356551526,Bajo
Liberia           ,50101,44451,53,28,25,11.757652675739712,6.3354037267080745,78.214,96.30705640244778,24.983049004708075,Bajo-medio
Liberia           ,50101,44471,32,21,11,13.29882755309546,3.7267080745341614,73.968,90.99353562762963,22.730945776307163,Bajo-medio
Liberia           ,50101,44485,53,27,26,8.319163208568504,6.3354037267080745,80.186,94.84056693527658,24.361486428142218,Bajo-medio
Liberia           ,50101,44497,70,32,38,22.75510952462377,8.4472049689441,69.653,100.85531449356787,26.91080033282115,Medio
Liberia           ,50101,44511,41,15,26,11.444763500377801,4.84472049689441,79.289,95.57848399727222,24.674248054197843,Bajo-medio
Liberia           ,50101,44513,44,23,21,12.828578377856873,5.217391304347826,73.404,91.4499696822047,22.924402554105463,Bajo-medio
Liberia           ,50101,44524,75,34,41,15.933025779425453,9.06832298136646,73.214,98.21534876079191,25.79186703009853,Medio
Liberia           ,50101,44539,38,18,20,27.44611847303607,4.472049689440994,70.613,102.53116816247706,27.62110064367428,Medio
Liberia           ,50101,44543,78,34,44,20.362616974362425,9.440993788819876,78.87,108.6736107631823,30.22453730978743,Alto-medio
Liberia           ,50101,44577,236,119,117,27.529722521201315,29.068322981366464,74.651,131.24904550256778,39.79299702111021,Alto
Liberia           ,50101,44583,126,62,64,28.707285242118424,15.403726708074533,74.491,118.60201195019296,34.43262932894235,Alto-medio
Liberia           ,50101,44667,53,25,28,29.684064478666972,6.3354037267080745,70.074,106.09346820537505,29.13095969328302,Alto-medio
Liberia           ,50101,44679,74,38,36,14.39433930098653,8.944099378881988,74.727,98.06543867986852,25.728328560687174,Medio
Liberia           ,50101,44683,56,19,37,12.403246957993897,6.70807453416149,77.256,96.36732149215538,25.008591993781078,Bajo-medio
Liberia           ,50101,44684,23,13,10,13.021391484331032,2.608695652173913,74.513,90.14308713650495,22.370488393411897,Bajo-medio
Liberia           ,50101,44690,43,26,17,20.900739445750833,5.093167701863354,95.884,121.8779071476142,35.82109743938611,Alto
Liberia           ,50101,44729,248,166,82,17.08058632670322,30.559006211180122,75.084,122.72359253788335,36.17953601116374,Alto
Liberia           ,50101,44732,90,31,59,11.762587805007076,10.93167701863354,79.388,102.08226482364063,27.430835713606687,Medio
Liberia           ,50101,44745,30,17,13,17.35622348769462,3.4782608695652173,72.118,92.95248435725983,23.561234194333164,Bajo-medio
Liberia           ,50101,44761,113,58,55,19.622455141952884,13.788819875776397,74.653,108.06427501772929,29.966274087025912,Alto-medio
Liberia           ,50101,44763,55,23,32,11.365118357870108,6.583850931677018,74.514,92.46296928954712,23.35375623177934,Bajo-medio
Liberia           ,50101,44776,10,5,5,21.73810311422362,0.9937888198757764,88.197,110.9288919340994,31.180424417643522,Alto-medio
Liberia           ,50101,44791,119,52,67,20.28228944706707,14.534161490683232,75.657,110.4734509377503,30.987388541490574,Alto-medio
Liberia           ,50101,44795,311,157,154,26.547924880687347,38.38509316770186,77.781,142.71401804838922,44.65235539726258,Alto
Liberia           ,50101,44805,51,30,21,26.531418993999477,6.086956521739131,71.997,104.6153755157386,28.504479161959623,Medio
Liberia           ,50101,44819,51,24,27,18.6962694583886,6.086956521739131,72.384,97.16722598012774,25.3476266105859,Medio
Liberia           ,50101,44839,102,50,52,12.70205794466027,12.422360248447205,74.412,99.53641819310748,26.351794215771662,Medio
Liberia           ,50101,44844,4,1,3,24.524972608802926,0.2484472049689441,74.513,99.28641981377187,26.245833934245148,Medio
Liberia           ,50101,44860,175,89,86,26.155104332110934,21.490683229813666,74.148,121.7937875619246,35.785443868329956,Alto
Liberia           ,50101,44863,131,58,73,17.013885450404377,16.024844720496894,76.78,109.81873017090128,30.709889155450764,Alto-medio
Liberia           ,50101,44882,54,25,29,16.40459533316291,6.459627329192546,73.886,96.75022266235545,25.170882309018545,Medio
Liberia           ,50101,44895,144,75,69,27.895422714245203,17.63975155279503,69.061,114.59617426704024,32.7347795677382,Alto-medio
Liberia           ,50101,44906,69,35,34,22.027707383492842,8.322981366459627,74.118,104.46868874995246,28.44230687492232,Medio
Liberia           ,50101,44907,242,118,124,29.39973926662059,29.81366459627329,73.906,133.11940386289388,40.58573695383423,Alto
Liberia           ,50101,44938,147,57,90,27.177226639577658,18.012422360248447,72.437,117.6266489998261,34.01922771775565,Alto-medio
Liberia           ,50101,44943,85,39,46,14.063968230358503,10.31055900621118,76.605,100.97952723656968,26.963447142983,Medio
Liberia           ,50101,44985,29,10,19,11.922228391014404,3.354037267080745,78.996,94.27226565809514,24.120615413369812,Bajo-medio
Liberia           ,50101,44986,87,40,47,20.58450471932125,10.559006211180124,74.797,105.94051093050138,29.066129689383736,Alto-medio
Liberia           ,50101,44989,160,74,86,36.901778100251065,19.627329192546583,70.52,127.04910729279764,38.01287894080942,Alto
Liberia           ,50101,44994,142,59,83,17.172735457479114,17.391304347826086,76.797,111.3610398053052,31.363587645404213,Alto-medio
Liberia           ,50101,45011,195,103,92,33.847436715038526,23.975155279503106,72.449,130.27159199454164,39.378709339866916,Alto
Liberia           ,50101,45019,48,19,29,23.653963321856235,5.714285714285714,75.34,104.70824903614195,28.543843034615314,Medio
Liberia           ,50101,45029,118,51,67,9.512244420761878,14.409937888198757,78.041,101.96318230896063,27.380363319289923,Medio
Liberia           ,50101,45030,34,12,22,15.399733637334323,3.9751552795031055,76.968,96.34288891683744,24.998236396412857,Bajo-medio
Liberia           ,50101,45033,69,31,38,17.715517026084264,8.322981366459627,81.464,107.50249839254388,29.72816850603033,Alto-medio
Liberia           ,50101,45045,57,27,30,26.305350608698973,6.832298136645963,73.95,107.08764874534494,29.552337024541536,Alto-medio
Liberia           ,50101,45085,223,113,110,44.03614226345554,27.45341614906832,73.399,144.88855841252388,45.57402100880305,Alto
Liberia           ,50101,45093,20,7,13,24.328526245287602,2.236024844720497,75.799,102.3635510900081,27.550057174373947,Medio
Liberia           ,50101,45095,41,20,21,17.56215973276313,4.84472049689441,78.648,101.05488022965754,26.99538504747132,Medio
Liberia           ,50101,45118,126,61,65,23.076159515776606,15.403726708074533,73.941,112.42088622385114,31.81279705701099,Alto-medio
Liberia           ,50101,45123,47,27,20,15.044026882589383,5.590062111801243,71.73,92.36408899439063,23.31184642444358,Bajo-medio
Liberia           ,50101,45139,311,146,165,33.963178578905676,38.38509316770186,73.983,146.33127174660754,46.185506217018514,Alto
Liberia           ,50101,45220,41,23,18,21.73886801887387,4.84472049689441,77.344,103.92758851576828,28.21296485558366,Medio
Liberia           ,50101,45246,120,63,57,0.0,14.658385093167702,78.415,93.0733850931677,23.612477230578463,Bajo-medio
Liberia           ,50101,45260,64,28,36,11.919543675872456,7.7018633540372665,76.375,95.99640702990972,24.851382171276406,Bajo-medio
Liberia           ,50101,45289,48,16,32,19.995043145907108,5.714285714285714,74.534,100.24332886019283,26.65141397129778,Medio
Liberia           ,50101,45330,118,62,56,17.50206050583969,14.409937888198757,76.069,107.98099839403845,29.930977800248744,Alto-medio
Liberia           ,50101,45357,78,37,41,9.468032234451368,9.440993788819876,76.058,94.96702602327125,24.4150853378676,Bajo-medio
Liberia           ,50101,45363,79,39,40,16.5235862470044,9.565217391304348,76.236,102.32480363830875,27.533634304348116,Medio
Liberia           ,50101,45376,79,35,44,18.519187263867913,9.565217391304348,74.293,102.37740465517227,27.55592892309825,Medio
Liberia           ,50101,45377,65,31,34,12.883072276162602,7.82608695652174,79.194,99.90315923268435,26.507235158645635,Medio
Liberia           ,50101,45384,75,32,43,12.540504331368055,9.06832298136646,75.572,97.18082731273452,25.353391452085994,Medio
Liberia           ,50101,45396,83,43,40,17.213829051873578,10.062111801242237,73.701,100.9769408531158,26.962350920200933,Medio
Liberia           ,50101,45401,127,68,59,18.72218961665254,15.527950310559005,74.25,108.50013992721153,30.151012758688534,Alto-medio
Liberia           ,50101,45423,46,17,29,14.326652839051986,5.46583850931677,81.468,101.26049134836876,27.082532060510054,Medio
Liberia           ,50101,45424,57,32,25,6.386804037728789,6.832298136645963,76.18,89.39910217437476,22.05515492505777,Bajo-medio
Liberia           ,50101,45453,75,40,35,5.805259069375751,9.06832298136646,77.593,92.46658205074222,23.35528747847917,Bajo-medio
Liberia           ,50101,45481,50,19,31,7.974861384235073,5.962732919254658,76.109,90.04659430348973,22.329590497278506,Bajo-medio
Liberia           ,50101,45529,41,20,21,19.997067879252995,4.84472049689441,74.296,99.13778837614741,26.18283740996274,Medio
Liberia           ,50101,45547,107,64,43,11.34034820547874,13.043478260869565,78.914,103.29782646634831,27.946044069022584,Medio
Liberia           ,50101,45589,34,12,22,18.653203059511675,3.9751552795031055,80.759,103.38735833901478,27.98399160475681,Medio
Liberia           ,50101,45593,32,14,18,22.736498007803878,3.7267080745341614,74.315,100.77820608233804,26.878118405107504,Medio
Liberia           ,50101,45606,34,15,19,13.701859507135966,3.9751552795031055,78.191,95.86801478663907,24.796963905530305,Bajo-medio
Liberia           ,50101,45647,127,66,61,32.76303613063494,15.527950310559005,74.601,122.89198644119395,36.25090873545724,Alto
Liberia           ,50101,45682,94,45,49,27.09953655054011,11.428571428571429,72.838,111.36610797911153,31.365735759823078,Alto-medio
Liberia           ,50101,45710,138,67,71,16.073056617903863,16.8944099378882,75.386,108.35346655579205,30.088846148771488,Alto-medio
Liberia           ,50101,45718,52,25,27,22.129553037320825,6.211180124223603,81.672,110.01273316154442,30.79211613452224,Alto-medio
Liberia           ,50101,45796,103,57,46,19.076257873146776,12.546583850931677,74.34,105.96284172407846,29.075594459437156,Alto-medio
Liberia           ,50101,45797,138,71,67,25.882343111902117,16.8944099378882,74.715,117.49175304979032,33.96205289574054,Alto-medio
Liberia           ,50101,45838,19,12,7,28.04966657686806,2.111801242236025,71.566,101.72746781910408,27.280457176812302,Medio
Liberia           ,50101,45841,95,47,48,9.232306967224407,11.5527950310559,75.003,95.78810199828031,24.763093359750908,Bajo-medio
Liberia           ,50101,45891,64,34,30,18.61274301819079,7.7018633540372665,88.4,114.71460637222806,32.784976289976285,Alto-medio
Liberia           ,50101,45892,62,34,28,29.156113860873496,7.453416149068323,69.777,106.38653000994182,29.255172143776058,Alto-medio
Liberia           ,50101,45899,62,30,32,13.303362292411459,7.453416149068323,78.28,99.03677844147978,26.140024967966912,Medio
Liberia           ,50101,45917,40,17,23,24.24513859330507,4.720496894409938,70.143,99.108635487715,26.170481136798816,Medio
Liberia           ,50101,45923,131,63,68,18.319093173919693,16.024844720496894,74.071,108.41493789441658,30.114900399058136,Alto-medio
Liberia           ,50101,45927,258,138,120,46.05190500292722,31.801242236024844,73.625,151.47814723895206,48.366977863355174,Alto
Liberia           ,50101,45934,73,35,38,10.033396287182148,8.819875776397515,77.349,96.20227206357967,24.93863680461485,Bajo-medio
Liberia           ,50101,45956,148,64,84,19.98585183235574,18.13664596273292,74.985,113.10749779508866,32.103813165119526,Alto-medio
Liberia           ,50101,45990,75,36,39,14.052150189625948,9.06832298136646,76.656,99.77647317099242,26.453540047509165,Medio
Liberia           ,50101,46000,57,30,27,19.845968246558996,6.832298136645963,74.677,101.35526638320496,27.122701878408943,Medio
Liberia           ,50101,46003,43,20,23,14.650019318443356,5.093167701863354,79.723,99.4661870203067,26.32202716343443,Medio
Liberia           ,50101,46005,73,44,29,31.978159715190017,8.819875776397515,68.809,109.60703549158754,30.620163662520124,Alto-medio
Liberia           ,50101,46010,161,75,86,15.568667710611292,19.751552795031056,79.112,114.43222050564233,32.66528877039295,Alto-medio
Liberia           ,50101,46020,48,23,25,25.42724845617127,5.714285714285714,69.533,100.67453417045698,26.834177700377726,Medio
Liberia           ,50101,72419,121,63,58,22.480377678045272,14.782608695652174,84.716,121.97898637369744,35.86393925012394,Alto
Liberia           ,50101,72420,44,24,20,15.320739737886429,5.217391304347826,62.655,83.19313104223426,19.424792080088036,Bajo
Liberia           ,50101,72421,79,44,35,19.698040146246584,9.565217391304348,61.519,90.78225753755093,22.64139685217166,Bajo-medio
Liberia           ,50101,72422,15,8,7,24.605220638723875,1.6149068322981366,71.65,97.87012747102202,25.64554710134468,Medio
Liberia           ,50101,72423,124,65,59,28.401434571152777,15.15527950310559,79.609,123.16571407425836,36.36692651580515,Alto
Liberia           ,50101,72424,87,42,45,13.016340717647894,10.559006211180124,75.862,99.43734692882802,26.309803467343063,Medio
Liberia           ,50101,72425,108,56,52,20.04311238935222,13.167701863354036,73.074,106.28481425270625,29.212060543208864,Alto-medio
Liberia           ,50101,72426,233,103,130,25.542372973871437,28.695652173913043,72.669,126.90702514778448,37.952658294077644,Alto
Liberia           ,50101,72427,92,43,49,10.253972681161223,11.180124223602485,75.026,96.4600969047637,25.047914284048883,Medio
Liberia           ,50101,72428,130,71,59,13.098359994464445,15.900621118012422,91.145,120.14398111247687,35.08618351187355,Alto-medio
Liberia           ,50101,72429,178,103,75,31.375433941708447,21.86335403726708,97.569,150.8077879789755,48.08285019780873,Alto
Liberia           ,50101,72430,189,86,103,24.106404017672514,23.229813664596275,100.0,147.3362176822688,46.61144639528921,Alto
Liberia           ,50101,72431,112,56,56,21.94693671999881,13.664596273291925,97.271,132.88253299329074,40.485340686885294,Alto
Liberia           ,50101,72432,243,136,107,25.969996383057264,29.93788819875776,86.385,142.29288458181503,44.473860557427905,Alto
Liberia           ,50101,72433,378,191,187,63.366457975839054,46.70807453416149,83.701,193.77553251000055,66.29446548574155,Alto
Liberia           ,50101,72434,256,128,128,23.326159781957713,31.5527950310559,82.171,137.0499548130136,42.25167689446839,Alto
Liberia           ,50101,72435,159,84,75,19.41174251654868,19.503105590062113,81.794,120.70884810661079,35.325598926815566,Alto-medio
Liberia           ,50101,72436,131,67,64,7.8236244437280975,16.024844720496894,79.953,103.801469164225,28.159509941071885,Medio
Liberia           ,50101,72437,23,12,11,15.619586772719959,2.608695652173913,77.945,96.17328242489387,24.926349723855914,Bajo-medio
Liberia           ,50101,72438,157,70,87,10.8538938147969,19.25465838509317,77.521,107.62955219989007,29.782019483909444,Alto-medio
Liberia           ,50101,72439,206,93,113,19.826768701626467,25.341614906832298,77.947,123.11538360845877,36.345594256213474,Alto
Liberia           ,50101,72440,99,41,58,7.539164425593042,12.049689440993788,78.898,98.48685386658683,25.906942805879048,Medio
Liberia           ,50101,72441,119,51,68,11.915065992355295,14.534161490683232,78.387,104.83622748303853,28.598085915303283,Medio
Liberia           ,50101,72442,87,36,51,11.668421536383972,10.559006211180124,78.016,100.2434277475641,26.651455884104287,Medio
Liberia           ,50101,72443,215,105,110,16.12884856376033,26.459627329192546,84.021,126.60947589295287,37.82654386528114,Alto
Liberia           ,50101,72444,124,61,63,10.565123235327933,15.15527950310559,77.82,103.54040273843351,28.04885853586077,Medio
Liberia           ,50101,72445,143,74,69,20.665712577728545,17.51552795031056,77.616,115.79724052803911,33.24384414441929,Alto-medio
Liberia           ,50101,72446,154,70,84,18.522288836254113,18.88198757763975,76.32,113.72427641389386,32.365231004154396,Alto-medio
Liberia           ,50101,72447,269,150,119,76.40785973967287,33.16770186335404,76.601,186.17656160302693,63.07368822008655,Alto
Liberia           ,50101,72448,259,124,135,27.140009715139936,31.925465838509314,75.406,134.47147555364927,41.15880425681921,Alto
Liberia           ,50101,72449,294,138,156,32.97082515748282,36.27329192546584,75.313,144.55711708294865,45.433541631758104,Alto
Liberia           ,50101,72450,262,110,152,34.454127051712135,32.298136645962735,75.159,141.91126369767488,44.31211288359357,Alto
Liberia           ,50101,72451,212,106,106,31.356738986928374,26.08695652173913,73.074,130.5176955086675,39.48301880663523,Alto
Liberia           ,50101,72452,167,74,93,36.55866141283649,20.496894409937887,71.926,128.9815558227744,38.83193541155939,Alto
Liberia           ,50101,72453,213,104,109,25.3086961096744,26.211180124223603,75.271,126.790876233898,37.90342928848522,Alto
Liberia           ,50101,72454,127,70,57,16.06856691425366,15.527950310559005,63.199,94.79551722481267,24.34239238434829,Bajo-medio
Liberia           ,50101,72455,51,28,23,25.627110000159032,6.086956521739131,5.649,37.36306652189816,0.0,Bajo
Liberia           ,50101,72456,69,38,31,19.971425523633716,8.322981366459627,43.795,72.08940689009334,14.718546622495838,Bajo
Liberia           ,50101,72457,166,74,92,21.345216005124566,20.372670807453417,75.275,116.99288681257799,33.750611497281994,Alto-medio
Liberia           ,50101,72458,8,6,2,24.869069469996358,0.7453416149068323,55.065,80.6794110849032,18.35936727587339,Bajo
Liberia           ,50101,72459,157,73,84,15.968042253100872,19.25465838509317,77.557,112.77970063819404,31.964878348340104,Alto-medio
Liberia           ,50101,72460,25,16,9,15.637664859778955,2.857142857142857,78.61,97.10480771692181,25.32117101211653,Medio
Liberia           ,50101,72461,45,26,19,16.172622678046025,5.341614906832298,70.091,91.60523758487832,22.990211903442255,Bajo-medio
Liberia           ,50101,72842,21,8,13,23.623276063023532,2.360248447204969,76.543,102.52652451022851,27.619132460116948,Medio
Caas Dulces      ,50102,154,70,34,36,13.66081118922211,8.4472049689441,53.929,76.03701615816621,16.39171662669075,Bajo
Caas Dulces      ,50102,769,33,16,17,15.473180045884883,3.8509316770186333,56.727,76.05111172290351,16.397690945451572,Bajo
Caas Dulces      ,50102,2406,63,33,30,19.883907443858995,7.577639751552795,53.153,80.61454719541179,18.33187511368546,Bajo
Caas Dulces      ,50102,2887,9,3,6,28.15889658546667,0.8695652173913043,55.243,84.27146180285797,19.881835966844605,Bajo
Caas Dulces      ,50102,7600,91,47,44,16.23171989694412,11.055900621118013,50.005,77.29262051806214,16.923896842474825,Bajo
Caas Dulces      ,50102,9217,61,29,32,15.921363194286597,7.329192546583851,40.684,63.934555740870444,11.262162921629947,Bajo
Caas Dulces      ,50102,10925,22,11,11,18.457518410622637,2.484472049689441,48.858,69.79999046031207,13.748191494291612,Bajo
Caas Dulces      ,50102,12666,51,24,27,12.380160225205634,6.086956521739131,54.587,73.05411674694477,15.127432985259636,Bajo
Caas Dulces      ,50102,14543,102,48,54,33.24134659731025,12.422360248447205,12.814,58.47770684575745,8.949310947507293,Bajo
Caas Dulces      ,50102,15738,60,34,26,10.747738208527032,7.204968944099378,60.889,78.84170715262641,17.580467722428576,Bajo
Caas Dulces      ,50102,19816,100,51,49,8.127429729050336,12.173913043478262,54.826,75.1273427725286,16.006157135083242,Bajo
Caas Dulces      ,50102,20249,161,78,83,17.449868797322164,19.751552795031056,52.392,89.59342159235322,22.137516019916813,Bajo-medio
Caas Dulces      ,50102,20998,44,24,20,19.242759021115162,5.217391304347826,60.066,84.526150325463,19.989784136862827,Bajo
Caas Dulces      ,50102,21713,101,50,51,19.01858007695207,12.298136645962733,59.653,90.9697167229148,22.720850279464567,Bajo-medio
Caas Dulces      ,50102,22735,13,5,8,19.310282320369232,1.3664596273291925,53.642,74.31874194769843,15.66343662917725,Bajo
Caas Dulces      ,50102,23147,87,42,45,30.566441651126937,10.559006211180124,59.829,100.95444786230706,26.952817403844538,Medio
Caas Dulces      ,50102,26437,120,62,58,25.946491590387954,14.658385093167702,49.677,90.28187668355565,22.429313492668594,Bajo-medio
Caas Dulces      ,50102,26617,189,93,96,16.787189735123835,23.229813664596275,52.385,92.40200339972012,23.32791621286901,Bajo-medio
Caas Dulces      ,50102,29528,50,24,26,11.037575209198422,5.962732919254658,54.27,71.27030812845308,14.371376630385974,Bajo
Caas Dulces      ,50102,30219,126,56,70,20.265665957093532,15.403726708074533,53.379,89.04839266516805,21.90650884811788,Bajo
Caas Dulces      ,50102,32903,133,65,68,15.924899782240756,16.273291925465838,60.846,93.04419170770659,23.600103792997018,Bajo-medio
Caas Dulces      ,50102,33318,264,152,112,34.30050373049106,32.546583850931675,48.172,115.01908758142272,32.91402878516262,Alto-medio
Caas Dulces      ,50102,71397,86,46,40,16.45528144721971,10.434782608695652,65.402,92.29206405591536,23.281319095514284,Bajo-medio
Caas Dulces      ,50102,71398,40,16,24,31.351378265440182,4.720496894409938,58.502,94.57387515985013,24.24845075295067,Bajo-medio
Caas Dulces      ,50102,71399,201,99,102,33.66490662883554,24.720496894409937,60.512,118.89740352324547,34.5578292375353,Alto-medio
Caas Dulces      ,50102,71400,156,84,72,22.39464126244011,19.130434782608695,49.384,90.9090760450488,22.695148099651583,Bajo-medio
Caas Dulces      ,50102,71401,135,70,65,18.160124484691273,16.52173913043478,51.556,86.23786361512606,20.715283328287153,Bajo
Caas Dulces      ,50102,71402,179,83,96,18.079461827695575,21.987577639751553,55.371,95.43803946744714,24.614721500631084,Bajo-medio
Caas Dulces      ,50102,71403,171,78,93,14.838510272561212,20.99378881987578,53.903,89.73529909243699,22.19764992914897,Bajo-medio
Caas Dulces      ,50102,71404,136,71,65,16.408880347500716,16.645962732919255,48.273,81.32784308041997,18.634201204710664,Bajo
Caas Dulces      ,50102,71405,176,102,74,43.775698095654256,21.614906832298136,25.732,91.1226049279524,22.785651008536973,Bajo-medio
Mayorga           ,50103,4086,49,26,23,18.213083474112484,5.838509316770186,53.425,77.47659279088266,17.001872363247966,Bajo
Mayorga           ,50103,7158,42,23,19,33.83031922430648,4.968944099378882,46.977,85.77626332368536,20.519636872643066,Bajo
Mayorga           ,50103,7216,109,53,56,36.79895253472618,13.291925465838508,49.948,100.0388780005647,26.564758726963365,Medio
Mayorga           ,50103,8090,37,22,15,25.656481923770503,4.3478260869565215,46.637,76.64130801072702,16.6478420263501,Bajo
Mayorga           ,50103,8562,35,17,18,14.66470422698523,4.099378881987578,50.443,69.2070831089728,13.496891345730603,Bajo
Mayorga           ,50103,9725,12,7,5,26.105093782014173,1.2422360248447204,38.245,65.59232980685888,11.964800303545452,Bajo
Mayorga           ,50103,12113,35,22,13,14.698394285783225,4.099378881987578,51.212,70.0097731677708,13.837106609664746,Bajo
Mayorga           ,50103,14575,88,42,46,25.192110277942504,10.683229813664596,39.513,75.38834009160709,16.116779249837418,Bajo
Mayorga           ,50103,14985,51,22,29,15.247361324238895,6.086956521739131,54.758,76.09231784597803,16.415155908277317,Bajo
Mayorga           ,50103,15427,42,19,23,23.176785260131915,4.968944099378882,51.025,79.1707293595108,17.719921769141187,Bajo
Mayorga           ,50103,19061,18,10,8,23.318201057812367,1.9875776397515528,50.446,75.75177869756392,16.270820476453103,Bajo
Mayorga           ,50103,19102,75,36,39,17.81353840592961,9.06832298136646,54.338,81.21986138729608,18.58843382560395,Bajo
Mayorga           ,50103,19598,25,8,17,21.76465314258641,2.857142857142857,50.446,75.06779599972927,15.980918600231211,Bajo
Mayorga           ,50103,27055,56,31,25,26.700245577904845,6.70807453416149,37.889,71.29732011206633,14.382825494158032,Bajo
Mayorga           ,50103,31332,50,23,27,16.1234364327558,5.962732919254658,51.672,73.75816935201046,15.425841368707946,Bajo
Mayorga           ,50103,31988,75,41,34,19.798601348785503,9.06832298136646,53.912,82.77892433015197,19.249233102709653,Bajo
Mayorga           ,50103,32169,51,17,34,20.910351828014008,6.086956521739131,51.512,78.50930834975314,17.43958252619198,Bajo
Mayorga           ,50103,35640,116,63,53,23.506537047943187,14.161490683229813,55.029,92.697027731173,23.452960468359773,Bajo-medio
Mayorga           ,50103,35807,24,8,16,23.92589147180777,2.732919254658385,51.621,78.27981072646615,17.342311364523727,Bajo
Mayorga           ,50103,36630,83,41,42,22.56604559116607,10.062111801242237,24.498,57.1261573924083,8.376464991647588,Bajo
Mayorga           ,50103,70754,74,30,44,35.533614368586846,8.944099378881988,56.972,101.44971374746883,27.162732815143148,Medio
Mayorga           ,50103,70755,94,40,54,30.773943173312407,11.428571428571429,0.0,42.202514601883834,2.0511704209883916,Bajo
Mayorga           ,50103,70756,173,86,87,28.344023927385926,21.242236024844722,49.109,98.69525995223066,25.99527444852947,Medio
Mayorga           ,50103,70757,71,30,41,19.630356360940755,8.571428571428571,61.981,90.18278493236933,22.38731406099003,Bajo-medio
Mayorga           ,50103,70758,114,60,54,21.351902734063504,13.91304347826087,64.239,99.50394621232438,26.338031165648516,Medio
Nacascolo         ,50104,3409,57,30,27,19.870178448927295,6.832298136645963,67.65,94.35247658557327,24.154612323588484,Bajo-medio
Nacascolo         ,50104,4562,9,5,4,26.982401118759373,0.8695652173913043,67.575,95.42696633615068,24.610028221767955,Bajo-medio
Nacascolo         ,50104,4647,112,56,56,20.507105746966978,13.664596273291925,63.085,97.2567020202589,25.385550482042074,Medio
Nacascolo         ,50104,5985,79,54,25,23.79063405024832,9.565217391304348,62.949,96.30485144155267,24.982114445540844,Bajo-medio
Nacascolo         ,50104,6671,178,87,91,23.4004145692707,21.86335403726708,55.911,101.17476860653778,27.046199001544736,Medio
Nacascolo         ,50104,7958,10,6,4,17.430306126273255,0.9937888198757764,55.581,74.00509494614903,15.530499269053378,Bajo
Nacascolo         ,50104,9205,208,117,91,26.956228223008576,25.59006211180124,56.572,109.11829033480981,30.41301202199942,Alto-medio
Nacascolo         ,50104,11862,254,101,153,33.42499572972626,31.30434782608696,58.221,122.95034355581322,36.2756430409778,Alto
Nacascolo         ,50104,12914,126,57,69,7.604608730991649,15.403726708074533,56.935,79.94333543906619,18.047386122775606,Bajo
Nacascolo         ,50104,13008,39,24,15,14.413954188724187,4.596273291925466,56.131,75.14122748064966,16.01204208355903,Bajo
Nacascolo         ,50104,15381,12,7,5,26.853478054498108,1.2422360248447204,86.24,114.33571407934282,32.62438511282929,Alto-medio
Nacascolo         ,50104,17560,160,74,86,26.18293083384759,19.627329192546583,57.263,103.07326002639417,27.85086295920025,Medio
Nacascolo         ,50104,18909,157,73,84,35.11097203875329,19.25465838509317,56.554,110.91963042384646,31.176498983261226,Alto-medio
Nacascolo         ,50104,20792,18,11,7,27.874625739703944,1.9875776397515528,80.118,109.98020337945549,30.77832858566973,Alto-medio
Nacascolo         ,50104,21997,115,58,57,23.057380424032452,14.037267080745341,58.503,95.5976475047778,24.682370389453467,Bajo-medio
Nacascolo         ,50104,23130,99,41,58,17.878175731753867,12.049689440993788,55.644,85.57186517274765,20.433003968564183,Bajo
Nacascolo         ,50104,24723,52,28,24,26.270401285813488,6.211180124223603,64.843,97.3245814100371,25.41432074555282,Medio
Nacascolo         ,50104,25932,2,2,0,25.969373199220463,0.0,64.843,90.81237319922047,22.654161190873946,Bajo-medio
Nacascolo         ,50104,28117,68,38,30,23.420174949369432,8.198757763975156,64.727,96.3459327133446,24.99952649091533,Bajo-medio
Nacascolo         ,50104,29907,85,40,45,10.27302892210117,10.31055900621118,56.956,77.53958792831236,17.028572466323,Bajo
Nacascolo         ,50104,32800,80,37,43,20.488806339227022,9.68944099378882,60.231,90.40924733301584,22.483298762136677,Bajo-medio
Nacascolo         ,50104,35203,13,6,7,19.97977992197806,1.3664596273291925,57.815,79.16123954930725,17.715899571223453,Bajo
Nacascolo         ,50104,35570,5,3,2,26.27589436238369,0.37267080745341613,56.765,83.41356516983711,19.518221734635894,Bajo
Nacascolo         ,50104,37589,11,6,5,27.893844842281762,1.1180124223602486,78.42,107.43185726464202,29.698227696734982,Alto-medio
Nacascolo         ,50104,37727,104,51,53,29.388244648505136,12.670807453416149,68.362,110.42105210192128,30.96517961593329,Alto-medio
Nacascolo         ,50104,37760,48,23,25,12.716940409547984,5.714285714285714,55.028,73.4592261238337,15.299136112848947,Bajo
Nacascolo         ,50104,38279,68,34,34,16.352013069878215,8.198757763975156,57.466,82.01677083385337,18.926199012453395,Bajo
Nacascolo         ,50104,70093,80,35,45,8.590630515200392,9.68944099378882,57.677,75.9570715089892,16.357832576898723,Bajo
Curuband         ,50105,1289,72,37,35,14.767237520674845,8.695652173913043,53.811,77.2738896945879,16.915957897695147,Bajo
Curuband         ,50105,2746,108,40,68,26.639879921319036,13.167701863354036,69.398,109.20558178467307,30.450009968253905,Alto-medio
Curuband         ,50105,2846,13,8,5,27.822970486059283,1.3664596273291925,49.874,79.06343011338848,17.67444364101524,Bajo
Curuband         ,50105,6459,155,79,76,30.343969843595964,19.006211180124225,54.723,104.0731810237202,28.274673348141636,Medio
Curuband         ,50105,7130,92,47,45,7.464715985842011,11.180124223602485,70.541,89.18584020944449,21.96476514772016,Bajo
Curuband         ,50105,8229,14,5,9,20.58984202930058,1.4906832298136645,66.827,88.90752525911424,21.84680306105222,Bajo
Curuband         ,50105,8681,8,3,5,27.406745361212607,0.7453416149068323,61.355,89.50708697611944,22.100923621734363,Bajo-medio
Curuband         ,50105,13091,41,25,16,28.76635804282639,4.84472049689441,61.471,95.0820785397208,24.463849642123197,Bajo-medio
Curuband         ,50105,14310,17,8,9,17.02166199062718,1.8633540372670807,66.578,85.46301602789427,20.386868925356154,Bajo
Curuband         ,50105,15182,152,72,80,26.42499108266537,18.633540372670808,70.858,115.91653145533618,33.29440487314701,Alto-medio
Curuband         ,50105,16760,67,33,34,22.150578037760457,8.074534161490684,70.912,101.13711219925115,27.030238564009206,Medio
Curuband         ,50105,18122,62,28,34,15.31010591704153,7.453416149068323,69.81,92.57352206610986,23.400613348850484,Bajo-medio
Curuband         ,50105,21568,32,13,19,17.537377477294722,3.7267080745341614,69.03,90.29408555182889,22.43448814669151,Bajo-medio
Curuband         ,50105,22459,101,44,57,12.324836227268905,12.298136645962733,70.018,94.64097287323165,24.276889707709437,Bajo-medio
Curuband         ,50105,22579,15,8,7,21.493165986855658,1.6149068322981366,67.074,90.18207281915379,22.38701223616621,Bajo-medio
Curuband         ,50105,22923,24,12,12,14.25401159862569,2.732919254658385,69.831,86.81793085328408,20.961141273538153,Bajo
Curuband         ,50105,23571,114,55,59,16.709411754910573,13.91304347826087,67.318,97.94045523317143,25.675355092485606,Medio
Curuband         ,50105,23723,23,12,11,18.036180857549272,2.608695652173913,65.379,86.0238765097232,20.624586204602632,Bajo
Curuband         ,50105,26080,27,15,12,18.222154000889056,3.1055900621118013,67.885,89.21274406300086,21.976168181230044,Bajo
Curuband         ,50105,26791,68,33,35,13.913661877044525,8.198757763975156,69.629,91.74141964101969,23.04793183365119,Bajo-medio
Curuband         ,50105,30879,179,86,93,15.502960671685829,21.987577639751553,68.669,106.15953831143739,29.15896310297495,Alto-medio
Curuband         ,50105,35941,19,12,7,22.04425008882907,2.111801242236025,49.123,73.27905133106509,15.222770130731458,Bajo
Curuband         ,50105,70094,221,107,114,30.053768846282708,27.204968944099377,69.493,126.75173779038208,37.886840698973245,Alto
Curuband         ,50105,70095,49,24,25,12.135627950973902,5.838509316770186,67.697,85.67113726774409,20.475079837861827,Bajo
Curuband         ,50105,70096,48,28,20,4.006849568253742,5.714285714285714,71.526,81.24713528253946,18.599993699015908,Bajo
Curuband         ,50105,70097,177,84,93,22.419710544278974,21.73913043478261,70.619,114.77784097906158,32.811777890691076,Alto-medio
Curuband         ,50105,70098,212,110,102,27.182413975842852,26.08695652173913,67.614,120.88337049758198,35.3995691730593,Alto
Curuband         ,50105,70099,47,22,25,19.570715822556213,5.590062111801243,64.331,89.49177793435746,22.094434978170703,Bajo-medio
Curuband         ,50105,70100,107,55,52,18.439308476474814,13.043478260869565,42.722,74.20478673734438,15.615137411387844,Bajo
Curuband         ,50105,70101,54,28,26,17.933821530322486,6.459627329192546,14.945,39.33844885951503,0.8372537020946046,Bajo
Curuband         ,50105,70102,76,35,41,24.518613674814357,9.192546583850932,50.752,84.46316025866528,19.9630861829441,Bajo
Curuband         ,50105,72849,133,60,73,20.830309917885874,16.273291925465838,70.199,107.30260184335171,29.643443578273303,Alto-medio
