DISTRITO,COD_DIST,UGM,TOTAL,HOMBRES,MUJERES,INDICE_VULNERABILIDAD_INTEGRADO,EXPOSICION_NORMALIZACION_BASE_100,AMENAZA_LLUVIOSA_NORMALIZACION_BASE_100,SUMA_RIESGO_LLUVIOSO,RIESGO_LLUVIOSO_NORMALIZACION_BASE_100,CATEGORIA_RIESGO_LLUVIOSO
Nicoya            ,50201,38581,104,48,56,26.218084689487757,16.96869851729819,1.372,44.55878320678595,17.04975809475538,Medio
Nicoya            ,50201,38625,77,41,36,25.41076015256426,12.520593080724876,6.1,44.03135323328914,16.81855099938646,Medio
Nicoya            ,50201,38672,25,14,11,32.95499194336905,3.9538714991762767,21.87,58.77886344254533,23.28335044337605,Medio
Nicoya            ,50201,38706,37,17,20,17.300111033852055,5.930807248764415,40.636,63.866918282616474,25.513778063655657,Medio
Nicoya            ,50201,38718,30,15,15,22.70760344905942,4.7775947281713345,14.989,42.474198177230754,16.13594797028033,Bajo-medio
Nicoya            ,50201,38725,177,81,96,45.87879106826231,28.995057660626028,20.171,95.04484872888833,39.18110661971911,Alto-medio
Nicoya            ,50201,38749,23,9,14,19.06445850532933,3.6243822075782535,0.506,23.194840712907585,7.684543112963796,Bajo
Nicoya            ,50201,38761,64,31,33,22.72102747443884,10.378912685337728,3.013,36.112940159776564,13.34739202349409,Bajo-medio
Nicoya            ,50201,38767,30,16,14,22.17818919152048,4.7775947281713345,7.351,34.30678391969182,12.555635469948559,Bajo-medio
Nicoya            ,50201,38779,43,20,23,21.531509756040318,6.919275123558484,0.097,28.547784879598805,10.031089070993556,Bajo
Nicoya            ,50201,38838,24,11,13,22.21898889964092,3.789126853377265,2.966,28.974115753018186,10.217977810470904,Bajo
Nicoya            ,50201,38851,93,44,49,27.95840526098845,15.15650741350906,8.757,51.87191267449751,20.255581630107937,Medio
Nicoya            ,50201,38866,98,50,48,29.33173364620634,15.980230642504118,0.72,46.031964288710455,17.69554983208498,Medio
Nicoya            ,50201,38875,70,37,33,21.59309344842327,11.367380560131796,3.693,36.653474008555065,13.584343405487203,Bajo-medio
Nicoya            ,50201,38954,24,11,13,33.579778969253574,3.789126853377265,8.072,45.44090582263084,17.436450201797655,Medio
Nicoya            ,50201,38979,52,25,27,30.539648692565187,8.40197693574959,3.268,42.209625628314775,16.019968496941615,Bajo-medio
Nicoya            ,50201,39014,38,16,22,30.44153461174161,6.095551894563426,7.114,43.651086506305035,16.651855191735375,Bajo-medio
Nicoya            ,50201,39016,129,64,65,28.20090159038275,21.087314662273478,0.858,50.146216252656224,19.499095883692778,Medio
Nicoya            ,50201,39102,232,119,113,70.34425773586649,38.056013179571664,2.614,111.01427091543816,46.181550098486454,Alto-medio
Nicoya            ,50201,39114,162,75,87,30.091896361211557,26.523887973640857,1.355,57.97078433485241,22.929116454588307,Medio
Nicoya            ,50201,39143,123,65,58,33.19662280883166,20.098846787479406,0.547,53.84246959631106,21.119405767994913,Medio
Nicoya            ,50201,39157,29,13,16,25.404223135245136,4.612850082372323,18.333,48.35007321761746,18.71172877361908,Medio
Nicoya            ,50201,39169,130,70,60,36.61791744697089,21.25205930807249,49.648,107.51797675504338,44.64889541824371,Alto-medio
Nicoya            ,50201,39185,70,33,37,16.238265061006153,11.367380560131796,0.463,28.06864562113795,9.821050958272187,Bajo
Nicoya            ,50201,39195,58,33,25,18.470141543126086,9.390444810543658,40.435,68.29558635366975,27.45515328409049,Medio
Nicoya            ,50201,39216,13,6,7,29.124774126964475,1.9769357495881383,25.925,57.026709876552616,22.515266798171687,Medio
Nicoya            ,50201,39225,87,47,40,29.536570780645967,14.168039538714991,2.167,45.87161031936096,17.625256186772464,Medio
Nicoya            ,50201,39280,86,40,46,55.037041492472795,14.00329489291598,54.6,123.64033638538876,51.716381393512876,Alto
Nicoya            ,50201,39300,30,15,15,25.740570418175047,4.7775947281713345,0.767,31.28516514634638,11.231062095277384,Bajo
Nicoya            ,50201,39307,85,39,46,17.853495475760766,13.838550247116968,8.198,39.89004572287774,15.003144730069637,Bajo-medio
Nicoya            ,50201,39328,38,19,19,32.82857748711807,6.095551894563426,3.062,41.986129381681494,15.921995456715354,Bajo-medio
Nicoya            ,50201,39349,80,42,38,31.85884157109575,13.01482701812191,1.428,46.301668589217655,17.813778888191425,Medio
Nicoya            ,50201,39399,73,44,29,46.793828644265545,11.86161449752883,40.717,99.37244314179438,41.07817463712641,Alto-medio
Nicoya            ,50201,39449,105,54,51,31.839946493322298,17.1334431630972,41.43,90.4033896564195,37.14645116905438,Alto-medio
Nicoya            ,50201,39460,51,20,31,26.50832275682344,8.237232289950576,12.555,47.300555046774015,18.25165623316631,Medio
Nicoya            ,50201,39547,121,63,58,53.21786520782455,19.769357495881383,10.204,83.19122270370593,33.984886115409005,Alto-medio
Nicoya            ,50201,39582,64,28,36,24.296797827633302,10.378912685337728,0.0,34.67571051297103,12.717360154404616,Bajo-medio
Nicoya            ,50201,39662,256,122,134,32.75693887440811,42.00988467874794,11.6,86.36682355315604,35.376959917329316,Alto-medio
Nicoya            ,50201,39673,79,39,40,17.848155648000606,12.850082372322898,12.1,42.7982380203235,16.277995852786063,Bajo-medio
Nicoya            ,50201,39689,83,42,41,19.483805058179055,13.509060955518946,6.406,39.398866013698,14.787828499346764,Bajo-medio
Nicoya            ,50201,39729,70,33,37,12.517348076267604,11.367380560131796,8.166,32.0507286363994,11.566658704780128,Bajo
Nicoya            ,50201,39752,5,2,3,34.71740766771487,0.6589785831960462,38.042,73.41838625091091,29.70081193815729,Medio
Nicoya            ,50201,39786,145,65,80,37.05196494620052,23.72322899505766,1.632,62.40719394125818,24.87388529691133,Medio
Nicoya            ,50201,39835,49,24,25,14.408752109381991,7.907742998352553,15.7,38.01649510773454,14.181844808713286,Bajo-medio
Nicoya            ,50201,39836,38,20,18,31.716054229150853,6.095551894563426,45.309,83.12060612371428,33.95393024417455,Alto-medio
Nicoya            ,50201,39865,20,9,11,35.64884138981518,3.130148270181219,4.786,43.5649896599964,16.614113306071452,Bajo-medio
Nicoya            ,50201,39941,28,15,13,22.094919988562374,4.448105436573312,7.753,34.29602542513568,12.550919317280226,Bajo-medio
Nicoya            ,50201,39970,86,43,43,32.33307071557806,14.00329489291598,0.643,46.97936560849404,18.110857869744635,Medio
Nicoya            ,50201,40023,87,43,44,21.580789134137383,14.168039538714991,1.513,37.261828672852374,13.851025092069747,Bajo-medio
Nicoya            ,50201,40028,229,111,118,39.41259013522361,37.56177924217463,25.301,102.27536937739823,42.350717300097116,Alto-medio
Nicoya            ,50201,40055,70,30,40,27.880785683049584,11.367380560131796,1.047,40.29516624318138,15.18073558284721,Bajo-medio
Nicoya            ,50201,40077,39,20,19,19.199944326500685,6.260296540362438,14.849,40.30924086686312,15.186905412063192,Bajo-medio
Nicoya            ,50201,40094,48,22,26,23.791684487167466,7.742998352553541,7.484,39.01868283972101,14.621169318450045,Bajo-medio
Nicoya            ,50201,40194,140,60,80,18.50886315712104,22.899505766062603,18.617,60.02536892318365,23.82977542113961,Medio
Nicoya            ,50201,40223,23,12,11,34.39479397833156,3.6243822075782535,22.511,60.53017618590981,24.051065500962416,Medio
Nicoya            ,50201,40257,71,27,44,21.59909796670354,11.532125205930807,1.632,34.76322317263435,12.755722683774378,Bajo-medio
Nicoya            ,50201,40262,21,11,10,19.668304465853527,3.2948929159802307,14.867,37.830197381833756,14.10017831601515,Bajo-medio
Nicoya            ,50201,40288,58,31,27,17.173987859767717,9.390444810543658,6.485,33.049432670311376,12.004456081525932,Bajo
Nicoya            ,50201,40294,37,20,17,31.796891038668846,5.930807248764415,8.739,46.46669828743326,17.886122211649266,Medio
Nicoya            ,50201,40305,66,34,32,24.73136673319684,10.70840197693575,14.129,49.56876871013259,19.245962812491584,Medio
Nicoya            ,50201,40319,16,8,8,37.69414548079696,2.471169686985173,70.952,111.11731516778212,46.22672114199192,Alto-medio
Nicoya            ,50201,40320,17,9,8,35.50890023966469,2.6359143327841847,34.111,72.25581457244887,29.191180642170643,Medio
Nicoya            ,50201,40356,233,105,128,42.05712071864953,38.220757825370676,0.68,80.95787854402022,33.00586512292231,Alto-medio
Nicoya            ,50201,40362,77,37,40,26.54012807086879,12.520593080724876,18.747,57.80772115159367,22.857635183410434,Medio
Nicoya            ,50201,40391,22,10,12,36.8850848154087,3.459637561779242,36.22,76.56472237718793,31.080057095552977,Medio
Nicoya            ,50201,40397,107,52,55,23.716582263518042,17.462932454695224,2.251,43.43051471821327,16.555164133191784,Bajo-medio
Nicoya            ,50201,40405,99,45,54,27.006220832513673,16.14497528830313,19.211,62.362196120816805,24.854159805595003,Medio
Nicoya            ,50201,40413,70,26,44,30.25266146479138,11.367380560131796,0.539,42.15904202492318,15.997794391181325,Bajo-medio
Nicoya            ,50201,40484,18,8,10,32.62673282902058,2.800658978583196,20.284,55.711391807603775,21.938676756859294,Medio
Nicoya            ,50201,40490,62,29,33,16.231773074822602,10.049423393739703,4.596,30.877196468562307,11.052222708568687,Bajo
Nicoya            ,50201,40513,53,24,29,19.05764680019454,8.5667215815486,1.111,28.73536838174314,10.11331920361643,Bajo
Nicoya            ,50201,40556,41,15,26,30.54183436225713,6.589785831960461,26.289,63.42062019421759,25.318136386328742,Medio
Nicoya            ,50201,40609,76,33,43,13.848271367347254,12.355848434925864,9.589,35.79311980227312,13.207193817829033,Bajo-medio
Nicoya            ,50201,40637,39,22,17,25.843509460837865,6.260296540362438,14.676,46.779806001200306,18.02337782599694,Medio
Nicoya            ,50201,40638,12,4,8,22.607303698543898,1.8121911037891267,0.541,24.960494802333024,8.45854492165088,Bajo
Nicoya            ,50201,40642,54,32,22,31.973619359746085,8.731466227347612,0.516,41.2210855870937,15.58662666376652,Bajo-medio
Nicoya            ,50201,40670,17,6,11,32.28085859738037,2.6359143327841847,1.052,35.968772930164555,13.284194086173642,Bajo-medio
Nicoya            ,50201,40712,38,19,19,26.273698353234376,6.095551894563426,10.777,43.1462502477978,16.430552401162977,Bajo-medio
Nicoya            ,50201,40725,55,29,26,39.27461430783081,8.896210873146623,66.037,114.20782518097744,47.58149405833202,Alto-medio
Nicoya            ,50201,40732,64,32,32,21.71663875938144,10.378912685337728,9.392,41.48755144471916,15.703436098293174,Bajo-medio
Nicoya            ,50201,40772,45,20,25,26.288496206619925,7.248764415156507,3.066,36.603260621776435,13.562331589911475,Bajo-medio
Nicoya            ,50201,40786,13,5,8,26.349663176119904,1.9769357495881383,12.588,40.91459892570804,15.452273490247602,Bajo-medio
Nicoya            ,50201,40790,90,42,48,24.588863898087006,14.662273476112025,1.314,40.56513737419903,15.299081608239396,Bajo-medio
Nicoya            ,50201,40804,67,30,37,18.50449230966748,10.873146622734762,2.567,31.944638932402242,11.520152640388096,Bajo
Nicoya            ,50201,41017,89,36,53,31.421008069005225,14.497528830313014,0.114,46.03253689931824,17.695800844810943,Medio
Nicoya            ,50201,41058,97,41,56,26.688218224152166,15.815485996705107,0.506,43.00970422085727,16.37069533603682,Bajo-medio
Nicoya            ,50201,41133,73,33,40,28.853377338654113,11.86161449752883,6.558,47.272991836182946,18.239573473027455,Medio
Nicoya            ,50201,41237,44,17,27,17.582320782733778,7.0840197693574956,1.704,26.370340552091275,9.07657263546983,Bajo
Nicoya            ,50201,41268,20,5,15,31.27119843096107,3.130148270181219,0.556,34.957346701142285,12.840819738216542,Bajo-medio
Nicoya            ,50201,41347,44,18,26,26.877715085451925,7.0840197693574956,5.693,39.65473485480942,14.89999256760509,Bajo-medio
Nicoya            ,50201,41373,68,35,33,23.41101846156283,11.037891268533773,4.023,38.4719097300966,14.38148285985924,Bajo-medio
Nicoya            ,50201,41381,27,13,14,21.26721684436258,4.2833607907743,6.534,32.08457763513688,11.581496937479255,Bajo
Nicoya            ,50201,41398,268,130,138,35.36897033954815,43.986820428336074,17.526,96.88179076788423,39.9863586048907,Alto-medio
Nicoya            ,50201,41430,32,18,14,28.00810452459895,5.107084019769357,1.226,34.34118854436831,12.57071726988111,Bajo-medio
Nicoya            ,50201,41444,10,5,5,31.252527024261333,1.4827018121911038,7.697,40.43222883645244,15.240819092822633,Bajo-medio
Nicoya            ,50201,41468,47,17,30,24.465741881727947,7.57825370675453,1.168,33.21199558848247,12.075718053756757,Bajo
Nicoya            ,50201,41473,146,70,76,37.806780497694135,23.88797364085667,0.533,62.22775413855081,24.79522508103,Medio
Nicoya            ,50201,41480,72,39,33,37.201376615295985,11.696869851729819,31.854,80.7522464670258,32.91572311805795,Medio
Nicoya            ,50201,41491,60,25,35,17.862467837205063,9.71993410214168,10.692,38.274401939346745,14.294902261662953,Bajo-medio
Nicoya            ,50201,41496,50,23,27,24.07808760430081,8.072487644151565,0.941,33.09157524845237,12.022929933170612,Bajo
Nicoya            ,50201,41534,9,3,6,32.466961963998195,1.3179571663920924,8.74,42.52491913039029,16.15818228543806,Bajo-medio
Nicoya            ,50201,41535,19,12,7,31.12894066352635,2.9654036243822075,8.04,42.134344287908554,15.986967755752401,Bajo-medio
Nicoya            ,50201,41538,103,39,64,18.081949667411546,16.80395387149918,1.174,36.059903538910724,13.324142599542558,Bajo-medio
Nicoya            ,50201,41553,128,59,69,24.162839739212114,20.922570016474467,26.375,71.46040975568658,28.84250262505532,Medio
Nicoya            ,50201,41593,21,10,11,24.92953098148872,3.2948929159802307,4.214,32.43842389746895,11.736610925367623,Bajo
Nicoya            ,50201,41608,6,3,3,30.80754027847928,0.8237232289950577,3.005,34.63626350747434,12.700067948765593,Bajo-medio
Nicoya            ,50201,41616,335,165,170,66.08011467435158,55.02471169686986,2.8,123.90482637122143,51.83232467404566,Alto
Nicoya            ,50201,41618,41,17,24,8.30049160525807,6.589785831960461,0.105,14.995277437218533,4.090137592745098,Bajo
Nicoya            ,50201,41649,15,4,11,29.754912829899382,2.3064250411861615,20.303,52.36433787108554,20.4714438395208,Medio
Nicoya            ,50201,41681,160,82,78,38.99736851484097,26.194398682042834,37.476,102.6677671968838,42.52273095997855,Alto-medio
Nicoya            ,50201,41697,91,43,48,25.03372288678708,14.827018121911037,41.019,80.87974100869812,32.9716123244677,Alto-medio
Nicoya            ,50201,41714,105,61,44,42.902180825633366,17.1334431630972,0.948,60.983623988730564,24.249841366309095,Medio
Nicoya            ,50201,41715,41,23,18,40.95416742782056,6.589785831960461,33.506,81.04995325978102,33.04622750021921,Alto-medio
Nicoya            ,50201,41717,33,13,20,20.333088833950892,5.2718286655683695,10.075,35.67991749951926,13.157569835643745,Bajo-medio
Nicoya            ,50201,41727,21,11,10,28.640352946110898,3.2948929159802307,9.741,41.67624586209113,15.786153217806993,Bajo-medio
Nicoya            ,50201,41731,276,134,142,59.095524012540324,45.30477759472817,54.448,158.8483016072685,67.15033809269545,Alto
Nicoya            ,50201,41747,36,20,16,30.604264585415258,5.766062602965404,0.711,37.08132718838066,13.771899471548418,Bajo-medio
Nicoya            ,50201,41757,82,47,35,22.481407985193265,13.344316309719934,1.702,37.5277242949132,13.967584555007376,Bajo-medio
Nicoya            ,50201,41798,53,28,25,15.18445027943979,8.5667215815486,0.794,24.545171860988393,8.27648167964033,Bajo
Nicoya            ,50201,41802,107,49,58,34.10474473322122,17.462932454695224,13.36,64.92767718791644,25.978778154103882,Medio
Nicoya            ,50201,41810,28,15,13,36.54121828201485,4.448105436573312,16.804,57.79332371858817,22.851323845729148,Medio
Nicoya            ,50201,41819,73,37,36,37.63085026686751,11.86161449752883,0.484,49.97646476439635,19.424682690458976,Medio
Nicoya            ,50201,41986,30,15,15,30.038168036265983,4.7775947281713345,9.174,43.989762764437316,16.800319173397302,Medio
Nicoya            ,50201,42001,16,9,7,27.6255769289233,2.471169686985173,9.346,39.442746615908476,14.807064240753077,Bajo-medio
Nicoya            ,50201,42010,24,15,9,36.2557955022347,3.789126853377265,11.982,52.02692235561196,20.323532523924083,Medio
Nicoya            ,50201,42046,122,47,75,20.363542212635092,19.934102141680395,2.777,43.07464435431549,16.39916284904181,Bajo-medio
Nicoya            ,50201,42099,23,11,12,27.485973690928546,3.6243822075782535,8.006,39.1163558985068,14.663985816094154,Bajo-medio
Nicoya            ,50201,42112,72,32,40,35.15598133528003,11.696869851729819,21.218,68.07085118700985,27.356637144087685,Medio
Nicoya            ,50201,42113,54,22,32,24.4584765541378,8.731466227347612,10.772,43.96194278148541,16.788123853118332,Bajo-medio
Nicoya            ,50201,42136,79,34,45,30.39542982085006,12.850082372322898,23.567,66.81251219317295,26.805024762588786,Medio
Nicoya            ,50201,42150,46,25,21,19.13949287432732,7.413509060955518,7.387,33.94000193528284,12.39485090799692,Bajo-medio
Nicoya            ,50201,42159,89,43,46,22.433469337379808,14.497528830313014,1.932,38.86299816769282,14.552922531915607,Bajo-medio
Nicoya            ,50201,42209,50,20,30,32.75029312179301,8.072487644151565,0.471,41.29378076594457,15.61849372099499,Bajo-medio
Nicoya            ,50201,42217,76,42,34,30.48495367512558,12.355848434925864,0.511,43.351802110051445,16.520659242653707,Bajo-medio
Nicoya            ,50201,42241,41,17,24,36.761062928183456,6.589785831960461,72.393,115.74384876014392,48.254833777352374,Alto-medio
Nicoya            ,50201,42261,87,49,38,21.88621952600549,14.168039538714991,0.601,36.65525906472048,13.585125912496315,Bajo-medio
Nicoya            ,50201,42362,123,66,57,21.283259092955902,20.098846787479406,4.037,45.4191058804353,17.42689385959582,Medio
Nicoya            ,50201,42363,19,13,6,23.539481865232432,2.9654036243822075,5.913,32.41788548961464,11.727607596277291,Bajo
Nicoya            ,50201,42373,49,23,26,24.887968732188366,7.907742998352553,2.761,35.55671173054092,13.10356067914982,Bajo-medio
Nicoya            ,50201,42423,28,13,15,24.325216161529813,4.448105436573312,52.723,81.49632159810312,33.24189997268769,Alto-medio
Nicoya            ,50201,42449,51,26,25,20.922061054577682,8.237232289950576,12.307,41.46629334452826,15.694117280923708,Bajo-medio
Nicoya            ,50201,42453,54,20,34,18.85414604597537,8.731466227347612,23.23,50.815612273322984,19.792535993976557,Medio
Nicoya            ,50201,42463,19,9,10,23.454629658908406,2.9654036243822075,7.654,34.07403328329062,12.45360562467676,Bajo-medio
Nicoya            ,50201,42488,53,30,23,19.624078630965776,8.5667215815486,6.517,34.70780021251438,12.731427171061801,Bajo-medio
Nicoya            ,50201,42494,49,26,23,16.959422763881033,7.907742998352553,2.465,27.332165762233586,9.498203608801212,Bajo
Nicoya            ,50201,42507,176,83,93,44.54365499610749,28.83031301482702,2.469,75.8429680109345,30.763664893788388,Medio
Nicoya            ,50201,42508,67,25,42,20.2187281113047,10.873146622734762,0.434,31.525874734039462,11.336580870080775,Bajo
Nicoya            ,50201,42512,55,31,24,34.238731969882636,8.896210873146623,4.717,47.851942843029256,18.493365611093456,Medio
Nicoya            ,50201,42521,19,10,9,23.940049273393566,2.9654036243822075,0.967,27.872452897775773,9.735046840227191,Bajo
Nicoya            ,50201,42617,68,44,24,43.50763585779935,11.037891268533773,39.702,94.24752712633313,38.83158834987282,Alto-medio
Nicoya            ,50201,42636,19,9,10,25.520348100979295,2.9654036243822075,0.256,28.741751725361503,10.116117441128337,Bajo
Nicoya            ,50201,42648,64,27,37,34.2505205403397,10.378912685337728,1.038,45.66743322567743,17.535751996370735,Medio
Nicoya            ,50201,42660,7,4,3,34.837330234395104,0.9884678747940692,40.359,76.18479810918917,30.913511410100597,Medio
Nicoya            ,50201,42682,41,22,19,26.956486341260444,6.589785831960461,39.374,72.92027217322091,29.48245591962932,Medio
Nicoya            ,50201,42709,35,16,19,26.47319454131742,5.601317957166392,13.996,46.070512498483815,17.712448036702135,Medio
Nicoya            ,50201,42712,22,13,9,29.244696693644705,3.459637561779242,5.939,38.643334255423945,14.456629454796117,Bajo-medio
Nicoya            ,50201,42717,57,29,28,17.085544162289672,9.225700164744646,2.819,29.130244327034315,10.286419188314932,Bajo
Nicoya            ,50201,42742,28,14,14,27.097716747488683,4.448105436573312,23.936,55.481822184062,21.838041357827787,Medio
Nicoya            ,50201,42757,129,66,63,27.568914701160992,21.087314662273478,9.37,58.02622936343447,22.95342164135294,Medio
Nicoya            ,50201,42783,31,13,18,16.85333438537029,4.942339373970346,0.506,22.301673759340634,7.293009549475542,Bajo
Nicoya            ,50201,42792,17,9,8,29.507330650528317,2.6359143327841847,27.71,59.8532449833125,23.754322227008036,Medio
Nicoya            ,50201,42824,94,41,53,32.43856534354776,15.32125205930807,0.505,48.26481740285583,18.67435556715594,Medio
Nicoya            ,50201,42937,64,33,31,42.71486920120818,10.378912685337728,30.11,83.20378188654591,33.9903916276676,Alto-medio
Nicoya            ,50201,42968,64,29,35,24.85463041906875,10.378912685337728,0.498,35.73154310440648,13.180200718893516,Bajo-medio
Nicoya            ,50201,42988,46,25,21,17.635241133253007,7.413509060955518,8.382,33.43075019420853,12.171612522273914,Bajo-medio
Nicoya            ,50201,42998,81,41,40,25.45893399949365,13.179571663920923,0.581,39.21950566341457,14.709203112665675,Bajo-medio
Nicoya            ,50201,43030,71,37,34,21.087456418957593,11.532125205930807,1.143,33.7625816248884,12.31707596783987,Bajo-medio
Nicoya            ,50201,43036,43,24,19,16.015005766909397,6.919275123558484,15.944,38.878280890467884,14.559621950074808,Bajo-medio
Nicoya            ,50201,43111,70,32,38,32.4466727250707,11.367380560131796,0.484,44.29805328520249,16.93546309660537,Medio
Nicoya            ,50201,43143,52,24,28,26.08596495908404,8.40197693574959,3.891,38.37894189483363,14.340728969799905,Bajo-medio
Nicoya            ,50201,43184,87,36,51,29.732510903256443,14.168039538714991,0.537,44.43755044197143,16.99661383518577,Medio
Nicoya            ,50201,43233,9,5,4,23.031215572074306,1.3179571663920924,1.111,25.460172738466397,8.677586481741573,Bajo
Nicoya            ,50201,43242,95,51,44,23.135916706995026,15.485996705107082,3.01,41.63191341210211,15.766719401930745,Bajo-medio
Nicoya            ,50201,43253,41,17,24,24.67078147444546,6.589785831960461,1.045,32.30556730640592,11.67837118158392,Bajo
Nicoya            ,50201,43263,77,33,44,19.13610464247622,12.520593080724876,6.656,38.3126977232011,14.311689811470064,Bajo-medio
Nicoya            ,50201,43289,76,37,39,20.68382081496472,12.355848434925864,2.491,35.53066924989058,13.09214455452678,Bajo-medio
Nicoya            ,50201,43300,100,58,42,56.05076408017803,16.30971993410214,11.112,83.47248401428016,34.108181365821835,Alto-medio
Nicoya            ,50201,43319,59,27,32,15.749790602130204,9.555189456342669,0.358,25.662980058472872,8.76649021064301,Bajo
Nicoya            ,50201,43323,25,12,13,23.272088066954566,3.9538714991762767,8.224,35.44995956613084,13.056764214978545,Bajo-medio
Nicoya            ,50201,43338,80,37,43,19.25016090646369,13.01482701812191,7.958,40.222987924585595,15.149095099314385,Bajo-medio
Nicoya            ,50201,43344,38,17,21,23.269404609626392,6.095551894563426,20.744,50.10895650418982,19.482762496039474,Medio
Nicoya            ,50201,43366,11,5,6,28.618148692948687,1.6474464579901154,21.787,52.0525951509388,20.334786591261526,Medio
Nicoya            ,50201,43383,148,74,74,39.86555932569921,24.217462932454694,34.01,98.0930222581539,40.517320682809675,Alto-medio
Nicoya            ,50201,43400,8,4,4,28.23717517337736,1.1532125205930808,4.786,34.17638769397044,12.498474265407552,Bajo-medio
Nicoya            ,50201,43414,63,29,34,21.495433255470058,10.214168039538714,11.355,43.06460129500877,16.394760318492537,Bajo-medio
Nicoya            ,50201,43422,63,30,33,29.370484770212645,10.214168039538714,3.465,43.049652809751365,16.388207418524384,Bajo-medio
Nicoya            ,50201,43444,70,35,35,26.29222039974206,11.367380560131796,11.942,49.601600959873856,19.26035533752534,Medio
Nicoya            ,50201,43453,93,43,50,35.48936349952242,15.15650741350906,0.619,51.26487091303148,19.98947547480988,Medio
Nicoya            ,50201,43495,74,35,39,38.64696366238605,12.026359143327841,2.113,52.786322805713894,20.656427469438555,Medio
Nicoya            ,50201,43530,38,19,19,42.03317440122258,6.095551894563426,57.93,106.05872629578602,44.0092103850557,Alto-medio
Nicoya            ,50201,43561,55,29,26,21.025869667716858,8.896210873146623,0.194,30.116080540863482,10.718575756887944,Bajo
Nicoya            ,50201,43608,126,59,67,24.41240069019454,20.59308072487644,1.541,46.54648141507098,17.921096380975037,Medio
Nicoya            ,50201,43610,103,46,57,23.227642627821346,16.80395387149918,9.895,49.926596499320524,19.40282216432538,Medio
Nicoya            ,50201,43663,67,33,34,15.893269640982016,10.873146622734762,50.522,77.28841626371678,31.39729951606094,Medio
Nicoya            ,50201,43678,449,223,226,85.96166853059587,73.80560131795717,39.825,199.59226984855303,85.01108743239507,Alto
Nicoya            ,50201,43692,93,43,50,30.801810915575185,15.15650741350906,0.517,46.475318329084246,17.889900940375792,Medio
Nicoya            ,50201,43694,57,29,28,16.970967847519926,9.225700164744646,1.0,27.196668012264574,9.438806072116563,Bajo
Nicoya            ,50201,43706,80,39,41,18.38466911905764,13.01482701812191,1.723,33.12249613717955,12.036484583509194,Bajo
Nicoya            ,50201,43768,17,8,9,37.23035638072288,2.6359143327841847,52.649,92.51527071350706,38.072226929837555,Alto-medio
Nicoya            ,50201,43792,79,38,41,33.722529368416396,12.850082372322898,1.135,47.70761174073929,18.430095837647293,Medio
Nicoya            ,50201,43797,54,25,29,27.756698675379344,8.731466227347612,39.782,76.27016490272695,30.950933265828606,Medio
Nicoya            ,50201,43864,112,56,56,24.40907415238292,18.28665568369028,20.242,62.9377298360732,25.106453920980766,Medio
Nicoya            ,50201,43871,25,12,13,22.868354651434995,3.9538714991762767,20.402,47.22422615061127,18.218196279691348,Medio
Nicoya            ,50201,43896,76,34,42,19.816911521841984,12.355848434925864,0.827,32.999759956767846,11.982681278434349,Bajo
Nicoya            ,50201,43955,62,22,40,19.923524050963014,10.049423393739703,5.513,35.48594744470272,13.072540058770524,Bajo-medio
Nicoya            ,50201,44003,105,37,68,20.723311821840657,17.1334431630972,18.467,56.32375498493786,22.207115637197507,Medio
Nicoya            ,50201,44018,27,15,12,20.37586731336939,4.2833607907743,20.222,44.88122810414369,17.191106808102752,Medio
Nicoya            ,50201,44053,29,15,14,16.123320626800314,4.612850082372323,0.537,21.273170709172636,6.842149312559452,Bajo
Nicoya            ,50201,44110,64,32,32,31.71418033779581,10.378912685337728,47.501,89.59409302313352,36.7916834590713,Alto-medio
Nicoya            ,50201,44113,54,28,26,35.763666202318824,8.731466227347612,21.998,66.49313242966643,26.665019698124237,Medio
Nicoya            ,50201,44269,62,33,29,26.39239465150499,10.049423393739703,8.391,44.83281804524469,17.169885509224976,Medio
Nicoya            ,50201,44332,26,11,15,17.88475601410625,4.118616144975288,15.155,37.15837215908154,13.805673327384547,Bajo-medio
Nicoya            ,50201,44345,41,20,21,22.661792835030063,6.589785831960461,4.084,33.33557866699053,12.129892609725124,Bajo
Nicoya            ,50201,44403,15,6,9,31.859056442113705,2.3064250411861615,15.256,49.421481483299864,19.181397176080814,Medio
Nicoya            ,50201,44409,55,28,27,26.171212932713605,8.896210873146623,3.432,38.49942380586023,14.393544080985704,Bajo-medio
Nicoya            ,50201,44443,58,23,35,19.607734968281584,9.390444810543658,0.9,29.898179778825238,10.623055583971865,Bajo
Nicoya            ,50201,44445,69,30,39,15.509752291641272,11.202635914332784,11.395,38.10738820597406,14.221689205674107,Bajo-medio
Nicoya            ,50201,44467,60,25,35,25.680412680680032,9.71993410214168,0.839,36.23934678282171,13.402804323928773,Bajo-medio
Nicoya            ,50201,44472,46,19,27,25.45824055268424,7.413509060955518,1.497,34.36874961363976,12.582799091339353,Bajo-medio
Nicoya            ,50201,44505,50,23,27,17.80412610329544,8.072487644151565,0.191,26.067613747447005,8.943867653369415,Bajo
Nicoya            ,50201,44540,149,83,66,28.748058272924837,24.382207578253706,2.109,55.239265851178544,21.73171303367603,Medio
Nicoya            ,50201,44559,225,109,116,71.75736682348017,36.902800658978585,2.803,111.46316748245874,46.378330859150864,Alto-medio
Nicoya            ,50201,44573,37,13,24,27.1388391307855,5.930807248764415,5.258,38.32764637954992,14.318242786438788,Bajo-medio
Nicoya            ,50201,44611,116,56,60,28.125358231910973,18.945634266886326,12.086,59.156992498797294,23.449109169962977,Medio
Nicoya            ,50201,44672,56,25,31,17.434362594796426,9.060955518945635,49.495,75.99031811374206,30.828258092856274,Medio
Nicoya            ,50201,44710,9,4,5,28.539025834075588,1.3179571663920924,0.977,30.83398300046768,11.03327941573166,Bajo
Nicoya            ,50201,44750,131,57,74,23.878063395374657,21.4168039538715,21.617,66.91186734924617,26.84857863362367,Medio
Nicoya            ,50201,44755,88,45,43,23.18510003088123,14.332784184514002,49.884,87.40188421539523,35.8306947850319,Alto-medio
Nicoya            ,50201,44756,309,149,160,69.84777759267034,50.74135090609555,9.63,130.21912849876588,54.60029677944625,Alto
Nicoya            ,50201,44771,18,14,4,23.80211582211605,2.800658978583196,10.879,37.48177480069925,13.947441882757552,Bajo-medio
Nicoya            ,50201,44772,20,7,13,28.702416329225077,3.130148270181219,21.992,53.8245645994063,21.111556835368855,Medio
Nicoya            ,50201,44778,77,30,47,28.192134365823122,12.520593080724876,1.856,42.568727446548,16.1773863391339,Bajo-medio
Nicoya            ,50201,44782,67,29,38,23.714616351333945,10.873146622734762,2.81,37.39776297406871,13.910613997753021,Bajo-medio
Nicoya            ,50201,44792,212,110,102,40.62872055400927,34.76112026359143,15.457,90.84684081760071,37.340844851754895,Alto-medio
Nicoya            ,50201,44803,24,11,13,27.46479679897283,3.789126853377265,6.828,38.0819236523501,14.210526424311439,Bajo-medio
Nicoya            ,50201,44833,73,33,40,22.86940010923318,11.86161449752883,2.03,36.76101460676201,13.631485491821085,Bajo-medio
Nicoya            ,50201,44919,19,6,13,32.84994318212919,2.9654036243822075,1.294,37.10934680651139,13.784182304999087,Bajo-medio
Nicoya            ,50201,44920,95,49,46,30.997897607468328,15.485996705107082,0.022,46.50589431257541,17.903304396163808,Medio
Nicoya            ,50201,44946,30,15,15,22.744285740356442,4.7775947281713345,6.874,34.39588046852778,12.594692321661375,Bajo-medio
Nicoya            ,50201,44953,20,8,12,19.36383260834648,3.130148270181219,0.095,22.5889808785277,7.418955073704369,Bajo
Nicoya            ,50201,44981,100,46,54,18.77142608329949,16.30971993410214,19.109,54.19014601740164,21.27181511044405,Medio
Nicoya            ,50201,44984,123,57,66,42.722459579340054,20.098846787479406,2.587,65.40830636681946,26.189469396520327,Medio
Nicoya            ,50201,44990,43,17,26,11.169905056683088,6.919275123558484,40.787,58.876180180241576,23.32601074215345,Medio
Nicoya            ,50201,45053,80,41,39,27.613301277160623,13.01482701812191,1.564,42.19212829528254,16.01229827008616,Bajo-medio
Nicoya            ,50201,45094,10,6,4,33.05743033972322,1.4827018121911038,7.435,41.97513215191432,15.917174650770797,Bajo-medio
Nicoya            ,50201,45112,22,11,11,39.55831301205854,3.459637561779242,47.639,90.65695057383778,37.25760352322697,Alto-medio
Nicoya            ,50201,45129,85,42,43,55.88876052035716,13.838550247116968,60.585,130.31231076747412,54.641144669726515,Alto
Nicoya            ,50201,45152,33,17,16,25.761220595232942,5.2718286655683695,23.631,54.66404926080131,21.479557934891265,Medio
Nicoya            ,50201,45161,96,43,53,26.133216906653157,15.650741350906095,32.466,74.24995825755926,30.06534440295554,Medio
Nicoya            ,50201,45177,45,21,24,23.837113089716482,7.248764415156507,0.718,31.80387750487299,11.45844768914452,Bajo
Nicoya            ,50201,45183,26,8,18,26.91460141678371,4.118616144975288,14.643,45.676217561759,17.53960274610477,Medio
Nicoya            ,50201,45189,49,28,21,24.987448020517892,7.907742998352553,6.365,39.26019101887045,14.727038168183359,Bajo-medio
Nicoya            ,50201,45201,22,10,12,23.85881669688333,3.459637561779242,19.01,46.328454258662575,17.82552080112977,Medio
Nicoya            ,50201,45234,110,49,61,17.81680439246797,17.957166392092258,16.76,52.533970784560225,20.545805053661553,Medio
Nicoya            ,50201,45277,60,24,36,16.054353560928668,9.71993410214168,3.299,29.073287663070346,10.261451352775161,Bajo
Nicoya            ,50201,45321,11,3,8,35.01971195149506,1.6474464579901154,0.551,37.21815840948518,13.831881555952178,Bajo-medio
Nicoya            ,50201,45325,127,64,63,23.737289572993507,20.757825370675455,4.924,49.419114943668966,19.180359766791184,Medio
Nicoya            ,50201,45343,29,16,13,21.812692143402252,4.612850082372323,0.436,26.861542225774574,9.291898494672928,Bajo
Nicoya            ,50201,45416,33,16,17,19.341014857561735,5.2718286655683695,0.185,24.7978435231301,8.387244214993613,Bajo
Nicoya            ,50201,45430,99,35,64,11.004324976759152,16.14497528830313,2.441,29.59030026506228,10.488091832047063,Bajo
Nicoya            ,50201,45435,56,28,28,27.356046052550475,9.060955518945635,1.749,38.16600157149611,14.247383281993475,Bajo-medio
Nicoya            ,50201,45483,80,39,41,34.90233392286655,13.01482701812191,0.496,48.41316094098847,18.73938425398047,Medio
Nicoya            ,50201,45507,70,38,32,22.207417549867404,11.367380560131796,0.963,34.5377981099992,12.656904117188791,Bajo-medio
Nicoya            ,50201,45635,119,65,54,25.832800007754724,19.43986820428336,5.598,50.87066821203808,19.816670617173514,Medio
Nicoya            ,50201,45639,45,22,23,17.324979157449903,7.248764415156507,0.708,25.28174357260641,8.599369294170534,Bajo
Nicoya            ,50201,45640,56,31,25,21.86523084360887,9.060955518945635,0.529,31.455186362554503,11.305593527933647,Bajo
Nicoya            ,50201,45648,22,11,11,31.5354153908973,3.459637561779242,39.026,74.02105295267654,29.965000218294236,Medio
Nicoya            ,50201,45654,27,16,11,15.09095841958258,4.2833607907743,13.316,32.69031921035688,11.847033136004875,Bajo
Nicoya            ,50201,45655,68,30,38,12.773667545216222,11.037891268533773,1.205,25.016558813749995,8.483121449125244,Bajo
Nicoya            ,50201,45686,53,28,25,17.049816469577916,8.5667215815486,15.226,40.84253805112652,15.420684490116878,Bajo-medio
Nicoya            ,50201,45741,52,28,24,26.405281693829934,8.40197693574959,11.401,46.20825862957952,17.772831186066583,Medio
Nicoya            ,50201,45795,14,7,7,47.03181761631164,2.14168039538715,44.713,93.88649801169879,38.67332564746172,Alto-medio
Nicoya            ,50201,45801,85,42,43,22.250117346867903,13.838550247116968,0.721,36.80966759398487,13.652813282091023,Bajo-medio
Nicoya            ,50201,45807,48,26,22,15.5920954299881,7.742998352553541,34.28,57.61509378254164,22.773193993631626,Medio
Nicoya            ,50201,45835,33,16,17,26.995703045701656,5.2718286655683695,3.698,35.965531711270025,13.282773247685661,Bajo-medio
Nicoya            ,50201,45850,21,13,8,26.773019407804195,3.2948929159802307,9.304,39.37191232378443,14.776012932034435,Bajo-medio
Nicoya            ,50201,45866,89,37,52,31.84608388595632,14.497528830313014,0.798,47.141612716269336,18.181981401598595,Medio
Nicoya            ,50201,45949,26,10,16,25.134672594223616,4.118616144975288,23.564,52.8172887391989,20.67000186584418,Medio
Nicoya            ,50201,45952,24,16,8,37.202818546788684,3.789126853377265,13.008,53.99994540016594,21.188437724898655,Medio
Nicoya            ,50201,49322,29,14,15,35.39914949186708,4.612850082372323,15.093,55.1049995742394,21.672855332261594,Medio
Nicoya            ,50201,49323,29,13,16,33.118353510943635,4.612850082372323,15.37,53.10120359331596,20.79446033815528,Medio
Nicoya            ,50201,49324,3,2,1,31.354994348503705,0.3294892915980231,15.466,47.150483640101726,18.185870108413887,Medio
Nicoya            ,50201,49325,34,21,13,29.4096412645852,5.436573311367381,14.352,49.198214575952576,19.083524670281555,Medio
Nicoya            ,50201,49327,42,24,18,32.58518867599862,6.754530477759473,13.746,53.0857191537581,20.78767249432105,Medio
Nicoya            ,50201,49329,18,9,9,23.57610630169295,2.800658978583196,14.702,41.078765280276144,15.524238353649938,Bajo-medio
Nicoya            ,50201,49330,14,4,10,32.54605589466978,2.14168039538715,15.141,49.82873629005692,19.359923626371568,Medio
Nicoya            ,50201,49331,39,23,16,43.94397104705161,6.260296540362438,15.472,65.67626758741405,26.30693434655802,Medio
Nicoya            ,50201,72534,42,23,19,20.636976121410296,6.754530477759473,8.591,35.98250659916977,13.290214452627982,Bajo-medio
Nicoya            ,50201,72535,136,69,67,60.85611818403163,22.240527182866558,8.679,91.77564536689819,37.74800070712801,Alto-medio
Nicoya            ,50201,72536,91,44,47,21.775282175990284,14.827018121911037,5.567,42.16930029790132,16.002291263975742,Bajo-medio
Nicoya            ,50201,72537,119,66,53,46.27149087888818,19.43986820428336,7.961,73.67235908317154,29.812144861578926,Medio
Nicoya            ,50201,72538,131,64,67,27.132935128528597,21.4168039538715,6.288,54.83773908240009,21.555697557523544,Medio
Nicoya            ,50201,72539,96,53,43,23.300011922471096,15.650741350906095,4.597,43.54775327337719,16.606557469116524,Bajo-medio
Nicoya            ,50201,72540,118,59,59,35.93646552486051,19.27512355848435,4.003,59.21458908334486,23.47435752459881,Medio
Nicoya            ,50201,72541,74,40,34,25.74481941605357,12.026359143327841,2.809,40.58017855938141,15.305675144654984,Bajo-medio
Nicoya            ,50201,72542,88,41,47,16.34823227958517,14.332784184514002,0.712,31.393016464099173,11.27834039033523,Bajo
Nicoya            ,50201,72543,102,48,54,24.897308303237757,16.639209225700164,1.327,42.86351752893792,16.30661213614551,Bajo-medio
Nicoya            ,50201,72544,122,62,60,40.6465510228127,19.934102141680395,22.956,83.5366531644931,34.136310906383706,Alto-medio
Nicoya            ,50201,72545,71,39,32,33.963277932264404,11.532125205930807,12.034,57.529403138195214,22.735630172887284,Medio
Nicoya            ,50201,72546,153,60,93,51.758252465522894,25.04118616144975,0.269,77.06843862697265,31.30086891296015,Medio
Nicoya            ,50201,72547,43,22,21,38.118558000949335,6.919275123558484,70.386,115.42383312450781,48.114549968494266,Alto-medio
Nicoya            ,50201,72548,146,60,86,28.977933479420702,23.88797364085667,1.575,54.44090712027737,21.381740122560856,Medio
Nicoya            ,50201,72549,198,85,113,39.72425550958375,32.45469522240527,0.402,72.58095073198902,29.333709111965963,Medio
Nicoya            ,50201,72550,55,27,28,12.631711714445801,8.896210873146623,8.426,29.953922587592423,10.64749130729134,Bajo
Nicoya            ,50201,72551,146,70,76,31.76078970699508,23.88797364085667,0.216,55.864763347851756,22.005909546262398,Medio
Nicoya            ,50201,72552,129,63,66,14.166906860788423,21.087314662273478,2.08,37.3342215230619,13.882759618857165,Bajo-medio
Nicoya            ,50201,72553,87,36,51,13.491064934825085,14.168039538714991,5.912,33.571104473540075,12.233138993800928,Bajo-medio
Nicoya            ,50201,72554,125,59,66,19.325200274354174,20.42833607907743,19.201,58.9545363534316,23.360359383902757,Medio
Nicoya            ,50201,72555,123,48,75,26.86478088251789,20.098846787479406,14.671,61.63462766999729,24.53521890983823,Medio
Nicoya            ,50201,72556,168,78,90,29.332153704595402,27.51235584843493,10.866,67.71050955303033,27.198675809466273,Medio
Nicoya            ,50201,72557,148,81,67,21.145993268027123,24.217462932454694,8.813,54.17645620048182,21.26581396723033,Medio
Nicoya            ,50201,72558,173,76,97,28.175860384025835,28.336079077429982,15.508,72.01993946145582,29.087781135083564,Medio
Nicoya            ,50201,72559,121,68,53,35.15563550752311,19.769357495881383,69.432,124.3569930034045,52.03053891840624,Alto
Nicoya            ,50201,72560,84,46,38,18.92800907293164,13.673805601317957,27.97,60.571814674249595,24.069318377037636,Medio
Nicoya            ,50201,72561,66,41,25,24.423906840090243,10.70840197693575,5.001,40.13330881702599,15.109782873964988,Bajo-medio
Nicoya            ,50201,72562,181,86,95,38.43637321529671,29.654036243822073,12.807,80.89740945911879,32.97935756327987,Alto-medio
Nicoya            ,50201,72563,96,47,49,35.22109010570329,15.650741350906095,21.024,71.89583145660939,29.033376469527045,Medio
Nicoya            ,50201,72564,115,59,56,19.792864516482712,18.780889621087315,28.933,67.50675413757003,27.10935646824277,Medio
Nicoya            ,50201,72565,113,65,48,24.11804855307144,18.451400329489292,35.213,77.78244888256074,31.613866363908283,Medio
Nicoya            ,50201,72566,116,56,60,30.444926358977686,18.945634266886326,33.875,83.26556062586401,34.01747329460168,Alto-medio
Nicoya            ,50201,72567,135,71,64,39.55260195505152,22.075782537067546,35.51,97.13838449211906,40.09884043688993,Alto-medio
Nicoya            ,50201,72568,128,57,71,17.928473765471303,20.922570016474467,41.585,80.43604378194577,32.777110775114096,Medio
Nicoya            ,50201,72569,131,64,67,29.108225664673583,21.4168039538715,43.464,93.98902961854509,38.71827196487572,Alto-medio
Nicoya            ,50201,72570,237,123,114,54.524885408457244,38.87973640856672,47.191,140.59562181702398,59.14899329042294,Alto
Nicoya            ,50201,72571,117,65,52,27.5214237891792,19.110378912685338,49.172,95.80380270186453,39.51380584507246,Alto-medio
Nicoya            ,50201,72572,112,56,56,63.976272073033904,18.28665568369028,48.997,131.25992775672418,55.056547249436136,Alto
Nicoya            ,50201,72573,141,67,74,31.723926758109034,23.064250411861615,47.201,101.98917716997065,42.22526051470084,Alto-medio
Nicoya            ,50201,72574,127,59,68,30.336789637281285,20.757825370675455,50.099,101.19361500795674,41.876513522858204,Alto-medio
Nicoya            ,50201,72575,108,55,53,26.392266991385778,17.627677100494235,54.488,98.50794409188,40.69920809308508,Alto-medio
Nicoya            ,50201,72576,134,61,73,34.37261532519152,21.911037891268535,58.502,114.78565321646005,47.83479392451316,Alto-medio
Nicoya            ,50201,72577,88,51,37,47.264949913504154,14.332784184514002,43.797,105.39473409801815,43.71813912420999,Alto-medio
Nicoya            ,50201,72578,159,84,75,40.95302860579494,26.02965403624382,38.879,105.86168264203874,43.92283324850098,Alto-medio
Nicoya            ,50201,72579,180,84,96,39.79022590068251,29.489291598023065,38.788,108.06751749870557,44.889795112067766,Alto-medio
Nicoya            ,50201,72580,103,56,47,47.659969716663426,16.80395387149918,28.851,93.3149235881626,38.42276714890539,Alto-medio
Mansión           ,50202,38623,31,21,10,33.49120685575011,4.942339373970346,20.48,58.91354622972045,23.342390728501485,Medio
Mansión           ,50202,38923,37,19,18,26.72813301831663,5.930807248764415,24.122,56.78094026708104,22.407529884474613,Medio
Mansión           ,50202,39110,37,17,20,24.48404825626512,5.930807248764415,23.767,54.18185550502953,21.2681808359792,Medio
Mansión           ,50202,39272,84,48,36,27.324968111014485,13.673805601317957,23.038,64.03677371233245,25.588236821236123,Medio
Mansión           ,50202,39291,95,45,50,17.45328973193804,15.485996705107082,26.264,59.20328643704512,23.469402834588266,Medio
Mansión           ,50202,39391,72,39,33,31.554299757532668,11.696869851729819,33.913,77.16416960926249,31.34283407130203,Medio
Mansión           ,50202,39488,19,9,10,25.25547522057807,2.9654036243822075,28.158,56.37887884496028,22.231280034751197,Medio
Mansión           ,50202,39571,112,56,56,35.52791084923142,18.28665568369028,28.27,82.0845665329217,33.499766247983295,Alto-medio
Mansión           ,50202,39609,77,38,39,28.16159804794305,12.520593080724876,22.792,63.474191128667925,25.34162003491311,Medio
Mansión           ,50202,39701,35,18,17,25.915906345569933,5.601317957166392,20.479,51.99622430273632,20.310075557131317,Medio
Mansión           ,50202,39757,149,72,77,34.878744431497836,24.382207578253706,22.413,81.67395200975155,33.31976701398254,Alto-medio
Mansión           ,50202,39990,133,62,71,33.182332533967845,21.746293245469523,33.482,88.41062577943737,36.27289226852683,Alto-medio
Mansión           ,50202,40367,20,11,9,28.23213708191866,3.130148270181219,24.527,55.889285352099876,22.016659146512154,Medio
Mansión           ,50202,40486,33,18,15,23.58910802303304,5.2718286655683695,24.75,53.61093668860141,21.017909732949814,Medio
Mansión           ,50202,40656,31,13,18,20.207071887657165,4.942339373970346,21.519,46.66841126162751,17.97454621711956,Medio
Mansión           ,50202,40814,156,75,81,39.03582072619014,25.53542009884679,23.047,87.61824082503692,35.92553805483599,Alto-medio
Mansión           ,50202,40896,151,67,84,42.99170731473186,24.71169686985173,22.545,90.24840418458359,37.078510887750326,Alto-medio
Mansión           ,50202,40899,61,34,27,21.7354506377606,9.884678747940692,32.684,64.30412938570129,25.705436320271392,Medio
Mansión           ,50202,41091,80,35,45,26.558386422268786,13.01482701812191,25.935,65.50821344039069,26.233265209136107,Medio
Mansión           ,50202,41106,33,17,16,23.9938507031674,5.2718286655683695,13.537,42.80267936873577,16.279942786630404,Bajo-medio
Mansión           ,50202,41114,32,13,19,20.79912326706141,5.107084019769357,32.195,58.10120728683077,22.986289374997884,Medio
Mansión           ,50202,41178,30,14,16,31.106963213544415,4.7775947281713345,16.616,52.50055794171575,20.531158016651364,Medio
Mansión           ,50202,41190,50,20,30,37.239654549450115,8.072487644151565,32.939,78.25114219360168,31.819325333837824,Medio
Mansión           ,50202,41197,17,9,8,31.895402629136377,2.6359143327841847,31.96,66.49131696192056,26.664223859727954,Medio
Mansión           ,50202,41390,109,59,50,33.54408978005685,17.792421746293247,32.755,84.0915115263501,34.37954166047905,Alto-medio
Mansión           ,50202,41547,130,63,67,21.549560942901515,21.25205930807249,27.631,70.432620250974,28.391955181837826,Medio
Mansión           ,50202,41552,158,68,90,35.264447735595425,25.86490939044481,22.417,83.54635712604023,34.14056478817963,Alto-medio
Mansión           ,50202,41638,114,49,65,26.92075430441471,18.616144975288304,25.371,70.90789927970302,28.600301103086203,Medio
Mansión           ,50202,41639,36,23,13,32.39993644148013,5.766062602965404,23.051,61.21699904444553,24.35214493545531,Medio
Mansión           ,50202,41705,26,11,15,24.620002936871177,4.118616144975288,23.043,51.781619081846465,20.216000035704297,Medio
Mansión           ,50202,41728,26,13,13,30.054495640131705,4.118616144975288,17.773,51.94611178510699,20.288107959108995,Medio
Mansión           ,50202,41744,51,26,25,23.917003156949914,8.237232289950576,34.01,66.16423544690048,26.52084261323701,Medio
Mansión           ,50202,41852,168,82,86,33.91386833949971,27.51235584843493,28.363,89.78922418793464,36.87722222648436,Alto-medio
Mansión           ,50202,41981,74,31,43,26.94971827346233,12.026359143327841,21.731,60.70707741679018,24.128612894577284,Medio
Mansión           ,50202,42020,26,13,13,26.041689207919983,4.118616144975288,28.153,58.31330535289527,23.079265846287555,Medio
Mansión           ,50202,42263,48,24,24,21.039526902193646,7.742998352553541,21.905,50.687525254747186,19.73638706614253,Medio
Mansión           ,50202,42553,35,18,17,16.200128609787694,5.601317957166392,22.442,44.243446566954084,16.911525396155515,Medio
Mansión           ,50202,42714,8,4,4,35.01480480794194,1.1532125205930808,26.03,62.19801732853502,24.782189489928296,Medio
Mansión           ,50202,42801,78,43,35,18.154106701779693,12.685337726523887,16.214,47.05344442830358,18.14333146741101,Medio
Mansión           ,50202,43133,13,9,4,31.023704841882804,1.9769357495881383,31.604,64.60464059147094,25.83717006029979,Medio
Mansión           ,50202,43509,18,6,12,26.692111248182144,2.800658978583196,25.969,55.46177022676534,21.82925127187138,Medio
Mansión           ,50202,43545,58,26,32,28.899298847918665,9.390444810543658,24.5,62.78974365846232,25.041581888674152,Medio
Mansión           ,50202,43576,85,47,38,20.664824921338923,13.838550247116968,19.525,54.02837516845589,21.200900354022195,Medio
Mansión           ,50202,43624,203,112,91,39.53565370612238,33.27841845140033,31.494,104.3080721575227,43.24178403721298,Alto-medio
Mansión           ,50202,43845,77,42,35,26.75775188201484,12.520593080724876,16.409,55.687344962739715,21.928135450082692,Medio
Mansión           ,50202,43959,37,18,19,18.003317974291377,5.930807248764415,26.11,50.044125223055794,19.45434270013621,Medio
Mansión           ,50202,43993,25,10,15,32.643927919238905,3.9538714991762767,25.643,62.24079941841518,24.800943681445744,Medio
Mansión           ,50202,44119,28,14,14,32.11348630018018,4.448105436573312,30.587,67.14859173675349,26.9523504342206,Medio
Mansión           ,50202,44125,102,53,49,29.83317524472899,16.639209225700164,24.834,71.30638447042915,28.774983256405033,Medio
Mansión           ,50202,44168,41,21,20,34.01792682497767,6.589785831960461,21.381,61.988712656938134,24.690437546355152,Medio
Mansión           ,50202,44200,27,13,14,26.977505100387393,4.2833607907743,23.218,54.47886589116169,21.3983799375144,Medio
Mansión           ,50202,44545,66,29,37,24.4593281898907,10.70840197693575,21.753,56.92073016682645,22.468808951471445,Medio
Mansión           ,50202,44589,97,48,49,24.554689623286187,15.815485996705107,19.346,59.71617561999129,23.694235749276306,Medio
Mansión           ,50202,44677,42,19,23,23.571539929594604,6.754530477759473,19.605,49.93107040735408,19.40478337118385,Medio
Mansión           ,50202,44966,35,17,18,22.822487924594252,5.601317957166392,20.795,49.218805881760645,19.09255118800897,Medio
Mansión           ,50202,45079,84,39,45,21.751870461828325,13.673805601317957,22.139,57.56467606314628,22.75109260568956,Medio
Mansión           ,50202,45125,30,19,11,24.241639782185555,4.7775947281713345,18.184,47.20323451035689,18.2089942691608,Medio
Mansión           ,50202,45196,608,295,313,100.0,100.0,25.814,225.814,96.50578884966362,Alto
Mansión           ,50202,45278,44,22,22,25.35619966628735,7.0840197693574956,30.782,63.222219435644845,25.23116434186098,Medio
Mansión           ,50202,45311,33,13,20,26.182290879233012,5.2718286655683695,29.209,60.663119544801376,24.109343280767227,Medio
Mansión           ,50202,45440,24,15,9,26.487307547602978,3.789126853377265,18.165,48.44143440098024,18.751778362941298,Medio
Mansión           ,50202,45486,83,46,37,38.200361354828125,13.509060955518946,34.593,86.30242231034708,35.34872863538436,Alto-medio
Mansión           ,50202,45803,15,7,8,33.98137548095961,2.3064250411861615,26.602,62.88980052214578,25.085443364104915,Medio
Mansión           ,50202,45957,43,22,21,30.23778460214237,6.919275123558484,22.444,59.60105972570085,23.643772914611773,Medio
Mansión           ,50202,49317,9,4,5,32.7064709930843,1.3179571663920924,23.99,58.014428159476395,22.948248400873428,Medio
Mansión           ,50202,72240,68,29,39,27.61749580632758,11.037891268533773,29.102,67.75738707486136,27.219225296991194,Medio
Mansión           ,50202,72241,58,33,25,32.338751375701754,9.390444810543658,36.678,78.40719618624541,31.887734017782478,Medio
Mansión           ,50202,72242,120,61,59,32.96530134665227,19.604612850082372,31.606,84.17591419673465,34.416540877894796,Alto-medio
Mansión           ,50202,72243,91,41,50,23.793068765571658,14.827018121911037,28.484,67.1040868874827,26.93284104444984,Medio
Mansión           ,50202,72244,104,56,48,28.085669916757887,16.96869851729819,29.684,74.73836843405607,30.279446566144664,Medio
Mansión           ,50202,72245,180,86,94,39.00529951556771,29.489291598023065,29.171,97.66559111359078,40.329949622440374,Alto-medio
Mansión           ,50202,72246,364,187,177,73.75368233059042,59.80230642504119,20.719,154.2749887556316,65.14555559307759,Alto
Mansión           ,50202,72247,110,49,61,20.725378162434478,17.957166392092258,24.359,63.04154455452674,25.15196271023491,Medio
Mansión           ,50202,72248,33,20,13,19.864421518211895,5.2718286655683695,22.099,47.235250183780266,18.223028835322108,Medio
San Antonio       ,50203,153,60,29,31,22.874684069013277,9.71993410214168,5.025,37.619618171154954,14.007867658501066,Bajo-medio
San Antonio       ,50203,575,29,18,11,24.464067054150462,4.612850082372323,2.947,32.02391713652278,11.554905468672105,Bajo
San Antonio       ,50203,1104,66,30,36,34.300823645081024,10.70840197693575,6.074,51.08322562201677,19.909848448980245,Medio
San Antonio       ,50203,1598,24,9,15,32.054230538161185,3.789126853377265,5.356,41.19935739153845,15.577101772815347,Bajo-medio
San Antonio       ,50203,1728,89,51,38,30.535762267105692,14.497528830313014,4.404,49.43729109741871,19.188327565218707,Medio
San Antonio       ,50203,2065,18,10,8,26.287932664301216,2.800658978583196,5.207,34.29559164288441,12.550729162113894,Bajo-medio
San Antonio       ,50203,2285,19,11,8,24.40414231687493,2.9654036243822075,3.955,31.324545941257135,11.24832527648089,Bajo
San Antonio       ,50203,2913,29,12,17,25.394604362323264,4.612850082372323,1.825,31.832454444695585,11.470974833188134,Bajo
San Antonio       ,50203,3586,32,17,15,15.753556482810598,5.107084019769357,6.988,27.848640502579954,9.724608308092773,Bajo
San Antonio       ,50203,3716,40,21,19,19.782801627550203,6.425041186161449,5.815,32.02284281371165,11.554434522633517,Bajo
San Antonio       ,50203,3892,53,27,26,19.683605189982682,8.5667215815486,5.469,33.719326771531286,12.298114533132239,Bajo-medio
San Antonio       ,50203,4167,4,2,2,31.655170182251062,0.4942339373970346,4.442,36.5914041196481,13.557134108622815,Bajo-medio
San Antonio       ,50203,4177,5,3,2,0.0,0.6589785831960462,5.064,5.7229785831960465,0.02548182201258071,Bajo
San Antonio       ,50203,4242,12,7,5,1.922658308728568,1.8121911037891267,1.93,5.664849412517695,0.0,Bajo
San Antonio       ,50203,4248,53,26,27,12.934687219474538,8.5667215815486,1.804,23.305408801023137,7.733012346375398,Bajo
San Antonio       ,50203,4429,10,5,5,32.58518077552604,1.4827018121911038,6.229,40.29688258771714,15.181487969049561,Bajo-medio
San Antonio       ,50203,4472,21,11,10,26.67308145584576,3.2948929159802307,2.471,32.43897437182599,11.736852234325328,Bajo
San Antonio       ,50203,4594,58,22,36,37.22143432246026,9.390444810543658,4.71,51.32187913300392,20.014465910724226,Medio
San Antonio       ,50203,4973,496,230,266,88.53564319768569,81.54859967051071,3.176,173.26024286819637,73.46803569238787,Alto
San Antonio       ,50203,5291,93,44,49,28.3930458020788,15.15650741350906,4.274,47.82355321558786,18.480920578332398,Medio
San Antonio       ,50203,5361,19,8,11,35.5209119811539,2.9654036243822075,1.713,40.19931560553611,15.138717971727585,Bajo-medio
San Antonio       ,50203,6214,37,17,20,45.20409877418666,5.930807248764415,6.939,58.07390602295108,22.97432144325583,Medio
San Antonio       ,50203,6835,38,23,15,21.445934131917088,6.095551894563426,3.712,31.253486026480513,11.217175062579052,Bajo
San Antonio       ,50203,6978,27,12,15,29.042865156195035,4.2833607907743,3.849,37.175225946969334,13.813061446261571,Bajo-medio
San Antonio       ,50203,7319,32,19,13,37.06478244000309,5.107084019769357,4.292,46.463866459772454,17.884880836147417,Medio
San Antonio       ,50203,8003,51,27,24,41.61747666823531,8.237232289950576,5.441,55.29570895818589,21.756455743572182,Medio
San Antonio       ,50203,8997,16,9,7,30.535334572840394,2.471169686985173,2.392,35.39850425982557,13.034207984748994,Bajo-medio
San Antonio       ,50203,9023,83,44,39,26.92678300464863,13.509060955518946,7.015,47.450843960167575,18.317537705357775,Medio
San Antonio       ,50203,9779,35,17,18,30.006947676507945,5.601317957166392,2.633,38.24126563367434,14.280376449003917,Bajo-medio
San Antonio       ,50203,10304,20,10,10,21.650661881068043,3.130148270181219,5.783,30.563810151249264,10.914844964042853,Bajo
San Antonio       ,50203,10895,51,26,25,31.95799320893161,8.237232289950576,6.056,46.251225498882185,17.79166637850493,Medio
San Antonio       ,50203,10951,30,18,12,5.54813027939049,4.7775947281713345,2.93,13.255725007561825,3.327577850763904,Bajo
San Antonio       ,50203,11266,43,21,22,21.12072090831797,6.919275123558484,5.471,33.51099603187646,12.206789527705823,Bajo-medio
San Antonio       ,50203,12062,143,73,70,51.04498032037118,23.393739703459637,7.911,82.34972002383083,33.61600038623976,Alto-medio
San Antonio       ,50203,12187,24,13,11,34.38060416581762,3.789126853377265,10.686,48.855731019194884,18.933391700316697,Medio
San Antonio       ,50203,12320,38,17,21,34.01814217777885,6.095551894563426,6.775,46.888694072342275,18.07111059795555,Medio
San Antonio       ,50203,12501,29,14,15,22.822071683494496,4.612850082372323,6.225,33.65992176586682,12.272073429099043,Bajo-medio
San Antonio       ,50203,13150,92,44,48,13.677965207876209,14.991762767710048,5.461,34.130727975586254,12.478458620879465,Bajo-medio
San Antonio       ,50203,13796,69,34,35,26.66884035672526,11.202635914332784,7.134,45.00547627105804,17.24557291587195,Medio
San Antonio       ,50203,13987,30,10,20,21.48832767501325,4.7775947281713345,2.607,28.87292240318458,10.173618138739391,Bajo
San Antonio       ,50203,14315,203,97,106,35.447164821436296,33.27841845140033,6.093,74.81858327283662,30.314609982734314,Medio
San Antonio       ,50203,15962,22,10,12,30.171420528401384,3.459637561779242,3.493,37.124058090180625,13.790631223978345,Bajo-medio
San Antonio       ,50203,16376,18,8,10,26.18404221154681,2.800658978583196,7.666,36.65070119013001,13.583127897597516,Bajo-medio
San Antonio       ,50203,16700,34,15,19,27.261984924483272,5.436573311367381,1.772,34.47055823585065,12.627428477244049,Bajo-medio
San Antonio       ,50203,17140,31,18,13,25.715126429721234,4.942339373970346,2.713,33.37046580369158,12.145185926274637,Bajo-medio
San Antonio       ,50203,17349,47,23,24,29.240752272636293,7.57825370675453,5.792,42.611005979390825,16.195919788627187,Bajo-medio
San Antonio       ,50203,17523,68,39,29,25.842977201012918,11.037891268533773,7.136,44.016868469546694,16.812201378924446,Medio
San Antonio       ,50203,17527,12,8,4,30.53850057988553,1.8121911037891267,6.004,38.35469168367465,14.33009851425909,Bajo-medio
San Antonio       ,50203,17620,150,63,87,45.22587139053788,24.546952224052717,3.62,73.39282361459061,29.68960616072601,Medio
San Antonio       ,50203,17726,9,6,3,0.9103877771102631,1.3179571663920924,5.807,8.035344943502356,1.0391434196852385,Bajo
San Antonio       ,50203,17982,56,28,28,32.72509585740067,9.060955518945635,2.189,43.9750513763463,16.793870208643142,Bajo-medio
San Antonio       ,50203,18504,26,13,13,34.005359994010526,4.118616144975288,6.025,44.14897613898581,16.870112821318344,Medio
San Antonio       ,50203,19289,54,27,27,22.27198118030849,8.731466227347612,2.264,33.26744740765611,12.100026217282348,Bajo
San Antonio       ,50203,19375,13,5,8,18.469751960994422,1.9769357495881383,6.323,26.76968771058256,9.251632645704838,Bajo
San Antonio       ,50203,19423,63,28,35,23.747013450167785,10.214168039538714,2.057,36.0181814897065,13.30585309326859,Bajo-medio
San Antonio       ,50203,19640,110,52,58,22.829254411884143,17.957166392092258,1.847,42.6334208039764,16.205745674045254,Bajo-medio
San Antonio       ,50203,20143,49,23,26,29.94752358585438,7.907742998352553,7.131,44.98626658420693,17.23715205220668,Medio
San Antonio       ,50203,20253,143,74,69,35.615213284765055,23.393739703459637,4.403,63.41195298822469,25.314336982382667,Medio
San Antonio       ,50203,20304,15,7,8,2.8928948713728526,2.3064250411861615,2.747,7.946319912559014,1.000117918948006,Bajo
San Antonio       ,50203,21358,83,35,48,18.733979848053224,13.509060955518946,3.666,35.90904080357217,13.258009583616701,Bajo-medio
San Antonio       ,50203,22655,16,4,12,24.25984792330563,2.471169686985173,2.484,29.215017610290808,10.323580869621498,Bajo
San Antonio       ,50203,23499,5,3,2,33.881668753959126,0.6589785831960462,5.833,40.37364733715517,15.215138985556301,Bajo-medio
San Antonio       ,50203,23990,32,18,14,27.58245996802794,5.107084019769357,8.846,41.5355439877973,15.724474372646258,Bajo-medio
San Antonio       ,50203,24227,69,29,40,33.89351762422757,11.202635914332784,6.627,51.72315353856036,20.19037075955087,Medio
San Antonio       ,50203,24274,16,9,7,31.754914290293847,2.471169686985173,2.715,36.94108397727902,13.710421688499716,Bajo-medio
San Antonio       ,50203,24614,88,44,44,28.61252651353887,14.332784184514002,6.133,49.078310698052874,19.030962948866936,Medio
San Antonio       ,50203,25185,47,23,24,29.444488853450864,7.57825370675453,4.907,41.9297425602054,15.89727742045333,Bajo-medio
San Antonio       ,50203,25427,114,56,58,25.257318779349692,18.616144975288304,8.249,52.122463754638,20.365414575506854,Medio
San Antonio       ,50203,26295,77,42,35,27.58969533519624,12.520593080724876,1.739,41.849288415921116,15.862009100590818,Bajo-medio
San Antonio       ,50203,26490,13,6,7,26.711873465406526,1.9769357495881383,3.42,32.108809214994665,11.59211922570071,Bajo
San Antonio       ,50203,26793,12,9,3,29.832858647891314,1.8121911037891267,5.371,37.01604975168044,13.743284096444642,Bajo-medio
San Antonio       ,50203,26836,35,19,16,34.31027464267641,5.601317957166392,4.018,43.929592599842806,16.773942650099745,Bajo-medio
San Antonio       ,50203,28273,12,7,5,27.198847155996003,1.8121911037891267,2.666,31.677038259785128,11.402845742138888,Bajo
San Antonio       ,50203,28708,50,29,21,27.742128813659562,8.072487644151565,4.183,39.99761645781113,15.05030002730418,Bajo-medio
San Antonio       ,50203,29077,19,10,9,29.767658185306907,2.9654036243822075,1.901,34.634061809689115,12.699102800451351,Bajo-medio
San Antonio       ,50203,29132,42,23,19,31.892368051466757,6.754530477759473,6.976,45.62289852922623,17.516229522626304,Medio
San Antonio       ,50203,29829,73,36,37,26.74788726354355,11.86161449752883,4.221,42.830501761072384,16.29213916310047,Bajo-medio
San Antonio       ,50203,29885,34,21,13,30.61960220911678,5.436573311367381,7.771,43.82717552048416,16.72904653758326,Bajo-medio
San Antonio       ,50203,29975,60,33,27,20.125487598659202,9.71993410214168,5.299,35.14442170080088,12.922826960901372,Bajo-medio
San Antonio       ,50203,30543,38,20,18,33.672823588298066,6.095551894563426,2.875,42.643375482861494,16.21010946166827,Bajo-medio
San Antonio       ,50203,31035,16,9,7,21.22365709199506,2.471169686985173,4.194,27.888826778980235,9.742224584578922,Bajo
San Antonio       ,50203,31905,10,4,6,34.811679347234104,1.4827018121911038,4.869,41.16338115942521,15.561331034428841,Bajo-medio
San Antonio       ,50203,32255,24,8,16,25.761684413807412,3.789126853377265,3.862,33.41281126718468,12.163748715854798,Bajo-medio
San Antonio       ,50203,32515,58,33,25,30.656051533117452,9.390444810543658,7.35,47.39649634366111,18.293713586168316,Medio
San Antonio       ,50203,32705,22,7,15,27.417911164706293,3.459637561779242,5.85,36.72754872648554,13.616815205031378,Bajo-medio
San Antonio       ,50203,33036,37,16,21,22.455623225911292,5.930807248764415,3.995,32.3814304746757,11.711626976025883,Bajo
San Antonio       ,50203,33289,17,8,9,27.984592283589894,2.6359143327841847,6.368,36.98850661637408,13.731210136617678,Bajo-medio
San Antonio       ,50203,33370,151,76,75,32.438212619648766,24.71169686985173,4.962,62.11190948950049,24.744442785432767,Medio
San Antonio       ,50203,33962,72,38,34,33.211662949388085,11.696869851729819,11.632,56.5405328011179,22.302143549409458,Medio
San Antonio       ,50203,34141,18,10,8,29.832303005731887,2.800658978583196,2.519,35.15196198431508,12.926132360930149,Bajo-medio
San Antonio       ,50203,34146,12,5,7,29.628112802461963,1.8121911037891267,2.611,34.051303906251086,12.44364185032011,Bajo-medio
San Antonio       ,50203,34406,29,15,14,27.970745839356013,4.612850082372323,3.923,36.50659592172834,13.519957121933002,Bajo-medio
San Antonio       ,50203,34425,35,18,17,27.17768836031868,5.601317957166392,2.109,34.88800631748507,12.810423307405339,Bajo-medio
San Antonio       ,50203,34681,84,36,48,18.30370703223104,13.673805601317957,6.242,38.219512633548995,14.270840684585382,Bajo-medio
San Antonio       ,50203,35232,25,15,10,30.292341528713195,3.9538714991762767,3.782,38.028213027889464,14.18698154044816,Bajo-medio
San Antonio       ,50203,35835,19,13,6,18.956841361883512,2.9654036243822075,4.686,26.60824498626572,9.180861727794602,Bajo
San Antonio       ,50203,36168,34,13,21,23.286888144775062,5.436573311367381,4.166,32.88946145614244,11.934330222873225,Bajo
San Antonio       ,50203,36283,195,92,103,58.365937134969336,31.960461285008236,9.544,99.87039841997758,41.29646104343179,Alto-medio
San Antonio       ,50203,36417,105,49,56,31.551711928434184,17.1334431630972,2.561,51.246155091531385,19.981271104668018,Medio
San Antonio       ,50203,37133,124,66,58,42.62663075963946,20.263591433278417,6.279,69.16922219291787,27.838125081206165,Medio
San Antonio       ,50203,37268,22,10,12,36.79795511486786,3.459637561779242,10.933,51.1905926766471,19.95691445980025,Medio
San Antonio       ,50203,37334,58,32,26,25.292626853406347,9.390444810543658,6.462,41.145071663950006,15.55330478359136,Bajo-medio
San Antonio       ,50203,37590,22,8,14,30.35337755062089,3.459637561779242,3.707,37.52001511240013,13.964205115487285,Bajo-medio
San Antonio       ,50203,38393,13,7,6,27.0349588741502,1.9769357495881383,5.046,34.057894623738335,12.44653099337833,Bajo-medio
San Antonio       ,50203,38509,57,29,28,30.642862751373684,9.225700164744646,4.19,44.058562916118326,16.83047878515703,Medio
San Antonio       ,50203,49318,63,35,28,28.031262411974378,10.214168039538714,8.399,46.644430451513095,17.964033857697913,Medio
San Antonio       ,50203,49321,58,33,25,28.630857148470533,9.390444810543658,12.708,50.72930195901419,19.754700531309517,Medio
San Antonio       ,50203,70624,48,25,23,22.962099616056395,7.742998352553541,2.633,33.33809796860994,12.130996984597715,Bajo
San Antonio       ,50203,70625,28,13,15,16.037980829272485,4.448105436573312,1.69,22.176086265845797,7.237956327162265,Bajo
San Antonio       ,50203,70626,116,57,59,21.075134522645527,18.945634266886326,1.936,41.95676878953186,15.909124786540465,Bajo-medio
San Antonio       ,50203,70627,39,21,18,27.562837151863224,6.260296540362438,2.243,36.06613369222566,13.326873683713028,Bajo-medio
San Antonio       ,50203,70628,88,42,46,24.513564368193297,14.332784184514002,4.964,43.810348552707296,16.721670175717133,Bajo-medio
San Antonio       ,50203,70629,145,76,69,24.645628765318296,23.72322899505766,6.067,54.43585776037596,21.379526657466073,Medio
San Antonio       ,50203,70630,21,11,10,33.61549111931653,3.2948929159802307,4.953,41.86338403529676,15.868188133594312,Bajo-medio
San Antonio       ,50203,70631,44,13,31,26.18554129148705,7.0840197693574956,4.455,37.72456106084454,14.053870999084625,Bajo-medio
San Antonio       ,50203,70632,130,67,63,25.4362843577207,21.25205930807249,3.42,50.10834366579319,19.482493848839404,Medio
San Antonio       ,50203,70633,103,49,54,40.15042242155691,16.80395387149918,3.509,60.463376293056086,24.02178273363073,Medio
San Antonio       ,50203,70634,20,7,13,26.469860758945817,3.130148270181219,3.021,32.62100902912704,11.816649944895348,Bajo
San Antonio       ,50203,70635,62,32,30,36.90938095303001,10.049423393739703,5.801,52.75980434676971,20.644802692360575,Medio
San Antonio       ,50203,70636,16,8,8,31.712502650919287,2.471169686985173,3.978,38.16167233790446,14.245485495416688,Bajo-medio
San Antonio       ,50203,70637,95,47,48,24.052862550189904,15.485996705107082,6.757,46.29585925529698,17.811232276718204,Medio
San Antonio       ,50203,70638,64,36,28,22.627358860787243,10.378912685337728,7.192,40.19827154612497,15.138260292118972,Bajo-medio
San Antonio       ,50203,70639,12,6,6,29.14111018429758,1.8121911037891267,7.831,38.78430128808671,14.518424536233463,Bajo-medio
San Antonio       ,50203,70640,55,28,27,27.51700844186878,8.896210873146623,7.611,44.0242193150154,16.81542373585281,Medio
Quebrada Honda    ,50204,46119,8,4,4,24.167365701536667,1.1532125205930808,11.076,36.39657822212975,13.471729159849774,Bajo-medio
Quebrada Honda    ,50204,46138,61,26,35,43.35696918046267,9.884678747940692,9.136,62.37764792840336,24.860933344699355,Medio
Quebrada Honda    ,50204,46157,99,50,49,29.71956834383846,16.14497528830313,7.676,53.54054363214159,20.98705184671648,Medio
Quebrada Honda    ,50204,46214,187,97,90,34.59683682116441,30.64250411861614,10.517,75.75634093978054,30.725690575853754,Medio
Quebrada Honda    ,50204,46271,21,11,10,34.15058425976338,3.2948929159802307,12.588,50.033477175743606,19.449674963727375,Medio
Quebrada Honda    ,50204,46289,18,9,9,24.14402123585409,2.800658978583196,12.55,39.49468021443729,14.829830137784478,Bajo-medio
Quebrada Honda    ,50204,46384,34,21,13,27.628335892730245,5.436573311367381,11.656,44.72090920409762,17.120828535962396,Medio
Quebrada Honda    ,50204,46396,26,15,11,28.25388546010799,4.118616144975288,9.706,42.078501605083275,15.962488251093157,Bajo-medio
Quebrada Honda    ,50204,46468,167,72,95,37.16620053306965,27.347611202635914,11.05,75.56381173570556,30.641292418212572,Medio
Quebrada Honda    ,50204,46493,456,234,222,96.61714435552088,74.95881383855024,15.23,186.8059581940711,79.40600974120007,Alto
Quebrada Honda    ,50204,46501,68,38,30,16.474089847712275,11.037891268533773,15.529,43.040981116246044,16.384406047407758,Bajo-medio
Quebrada Honda    ,50204,46509,110,47,63,32.71035596027346,17.957166392092258,15.661,66.32852235236572,26.59286032199166,Medio
Quebrada Honda    ,50204,46516,83,40,43,36.52185180338684,13.509060955518946,16.197,66.22791275890579,26.548756548905168,Medio
Quebrada Honda    ,50204,46523,37,22,15,27.75245182766209,5.930807248764415,17.284,50.9672590764265,19.85901271814733,Medio
Quebrada Honda    ,50204,46529,36,18,18,25.703716909608616,5.766062602965404,17.686,49.15577951257402,19.064922603204284,Medio
Quebrada Honda    ,50204,46534,74,37,37,29.02013074713198,12.026359143327841,18.255,59.30148989045982,23.51245183893035,Medio
Quebrada Honda    ,50204,46539,3,1,2,4.198783381918402,0.3294892915980231,18.379,22.907272673516427,7.558483210323533,Bajo
Quebrada Honda    ,50204,46544,20,10,10,30.2242600614082,3.130148270181219,18.056,51.41040833158942,20.05327405567016,Medio
Quebrada Honda    ,50204,46549,22,11,11,35.206889258536535,3.459637561779242,17.148,55.81452682031578,21.98388758657738,Medio
Quebrada Honda    ,50204,46554,8,4,4,33.927751577681924,1.1532125205930808,16.981,52.061964098275006,20.338893614390887,Medio
Quebrada Honda    ,50204,46559,13,7,6,34.88055099416675,1.9769357495881383,16.124,52.981486743754886,20.741980603508757,Medio
Quebrada Honda    ,50204,46564,19,9,10,20.238873929454634,2.9654036243822075,15.208,38.412277553836844,14.355342172078196,Bajo-medio
Quebrada Honda    ,50204,46569,19,8,11,27.570052014283746,2.9654036243822075,13.274,43.80945563866595,16.721278753021632,Bajo-medio
Quebrada Honda    ,50204,46573,21,9,12,23.215564718370114,3.2948929159802307,13.487,39.99745763435035,15.050230404580997,Bajo-medio
Quebrada Honda    ,50204,46576,38,11,27,26.57330497859844,6.095551894563426,13.649,46.317856873161865,17.82087527311042,Medio
Quebrada Honda    ,50204,46579,35,19,16,23.011846234460556,5.601317957166392,14.833,43.44616419162695,16.56202432217202,Bajo-medio
Quebrada Honda    ,50204,46582,16,8,8,36.23711275374605,2.471169686985173,14.994,53.70228244073122,21.057952557752127,Medio
Quebrada Honda    ,50204,46584,88,43,45,33.34900112431975,14.332784184514002,15.267,62.94878530883375,25.111300258643283,Medio
Quebrada Honda    ,50204,46586,29,13,16,39.454676037541795,4.612850082372323,16.277,60.34452611991412,23.96968292001175,Medio
Quebrada Honda    ,50204,46588,50,22,28,29.550071719255445,8.072487644151565,15.962,53.58455936340701,21.0063468240363,Medio
Quebrada Honda    ,50204,46590,16,8,8,34.75690677828195,2.471169686985173,13.186,50.41407646526712,19.61651655531686,Medio
Quebrada Honda    ,50204,46592,37,20,17,25.846486154648506,5.930807248764415,12.714,44.49129340341292,17.020172894465297,Medio
Quebrada Honda    ,50204,46594,206,102,104,47.28973834973137,33.77265238879736,13.794,94.85639073852873,39.0984931416469,Alto-medio
Quebrada Honda    ,50204,72632,110,53,57,23.923287679815054,17.957166392092258,12.268,54.14845407190731,21.253538800597426,Medio
Quebrada Honda    ,50204,72633,73,29,44,15.699634224233685,11.86161449752883,10.488,38.04924872176252,14.196202862564562,Bajo-medio
Quebrada Honda    ,50204,72634,75,33,42,31.18036173617774,12.191103789126853,7.282,50.6534655253046,19.721456456375964,Medio
Quebrada Honda    ,50204,72635,73,34,39,19.71730791110038,11.86161449752883,12.935,44.51392240862921,17.030092669279114,Medio
Quebrada Honda    ,50204,72636,67,38,29,12.083158825956817,10.873146622734762,12.752,35.70830544869158,13.170014132709568,Bajo-medio
Sámara            ,50205,604,35,20,15,24.43560435001622,5.601317957166392,55.08,85.11692230718262,34.82904635325263,Alto-medio
Sámara            ,50205,716,42,19,23,24.599521560063536,6.754530477759473,55.588,86.942052037823,35.62912023016015,Alto-medio
Sámara            ,50205,991,27,12,15,32.78633639033218,4.2833607907743,56.232,93.30169718110648,38.41696914858065,Alto-medio
Sámara            ,50205,1780,15,9,6,27.861588104592578,2.3064250411861615,56.145,86.31301314577874,35.35337129207952,Alto-medio
Sámara            ,50205,5349,27,15,12,28.590047787684846,4.2833607907743,55.459,88.33240857845915,36.238604547398346,Alto-medio
Sámara            ,50205,5533,57,30,27,25.161396272166854,9.225700164744646,55.793,90.1800964369115,37.04856712891206,Alto-medio
Sámara            ,50205,6147,16,8,8,29.197924381994433,2.471169686985173,60.693,92.3620940689796,38.005079575991225,Alto-medio
Sámara            ,50205,6319,2,1,1,3.9036197701866797,0.16474464579901155,54.512,58.58036441598569,23.1963353216147,Medio
Sámara            ,50205,6739,74,39,35,30.02614370441708,12.026359143327841,55.206,97.25850284774492,40.15149617793669,Alto-medio
Sámara            ,50205,8025,21,11,10,27.859449459067235,3.2948929159802307,62.158,93.31234237504746,38.42163563417004,Alto-medio
Sámara            ,50205,8413,10,4,6,34.98854705920347,1.4827018121911038,55.724,92.19524887139457,37.93194040027442,Alto-medio
Sámara            ,50205,8865,25,11,14,33.65524584156777,3.9538714991762767,55.272,92.88111734074405,38.232601463490205,Alto-medio
Sámara            ,50205,9394,40,19,21,24.880166401231136,6.425041186161449,60.35,91.6552075873926,37.69520494167775,Alto-medio
Sámara            ,50205,9881,109,55,54,52.21605322908417,17.792421746293247,54.729,124.73747497537741,52.19732908203093,Alto
Sámara            ,50205,9961,21,11,10,33.896042384393205,3.2948929159802307,68.523,105.71393530037344,43.85806591362913,Alto-medio
Sámara            ,50205,10548,4,3,1,34.86862449252323,0.4942339373970346,54.624,89.98685842992026,36.96385825653776,Alto-medio
Sámara            ,50205,11162,32,18,14,20.933703503109925,5.107084019769357,54.679,80.71978752287929,32.90149423731175,Medio
Sámara            ,50205,12573,149,82,67,42.565917665381825,24.382207578253706,63.102,130.05012524363553,54.52621158579009,Alto
Sámara            ,50205,12740,36,18,18,26.244022415975486,5.766062602965404,55.618,87.6280850189409,35.929853409656836,Alto-medio
Sámara            ,50205,13127,19,10,9,26.72680273862665,2.9654036243822075,55.57,85.26220636300886,34.89273386863652,Alto-medio
Sámara            ,50205,13605,12,6,6,34.668072015032195,1.8121911037891267,81.045,117.52526311882133,49.03574434409092,Alto-medio
Sámara            ,50205,14566,121,61,60,39.26346053251556,19.769357495881383,61.281,120.31381802839695,50.2581505654234,Alto-medio
Sámara            ,50205,14957,83,44,39,33.988096227536914,13.509060955518946,57.196,104.69315718305586,43.41059202063739,Alto-medio
Sámara            ,50205,15671,1,1,0,3.2346601301160995,0.0,62.842,66.0766601301161,26.482452617148073,Medio
Sámara            ,50205,18606,49,26,23,33.652598577422985,7.907742998352553,62.52,104.08034157577555,43.141954810627034,Alto-medio
Sámara            ,50205,18919,35,23,12,42.58541225633412,5.601317957166392,57.33,105.51673021350052,43.771618010364236,Alto-medio
Sámara            ,50205,18923,15,7,8,35.55306060467352,2.3064250411861615,54.42,92.27948564585968,37.96886689464523,Alto-medio
Sámara            ,50205,19111,25,12,13,23.34630544174912,3.9538714991762767,63.539,90.8391769409254,37.33748527275028,Alto-medio
Sámara            ,50205,19146,4,3,1,35.354044106695085,0.4942339373970346,55.215,91.06327804409213,37.4357234612033,Alto-medio
Sámara            ,50205,19514,27,14,13,27.00908843893658,4.2833607907743,55.282,86.57444922971088,35.46797584742898,Alto-medio
Sámara            ,50205,19755,73,40,33,32.544900281921635,11.86161449752883,55.122,99.52851477945046,41.14659105603543,Alto-medio
Sámara            ,50205,20033,25,11,14,22.270566495409607,3.9538714991762767,55.449,81.67343799458588,33.3195416874759,Alto-medio
Sámara            ,50205,20327,34,19,15,28.991010963151524,5.436573311367381,61.723,96.1505842745189,39.66582291685417,Alto-medio
Sámara            ,50205,21085,122,55,67,32.537967025959915,19.934102141680395,62.108,114.58006916764032,47.74467297354282,Alto-medio
Sámara            ,50205,21310,11,6,5,26.444574893466527,1.6474464579901154,55.584,83.67602135145664,34.197405109052994,Alto-medio
Sámara            ,50205,21466,63,34,29,46.5823356191173,10.214168039538714,58.977,115.77350365865601,48.26783346127815,Alto-medio
Sámara            ,50205,21965,52,30,22,29.701931479440347,8.40197693574959,59.095,97.19890841518993,40.12537203569303,Alto-medio
Sámara            ,50205,21966,39,16,23,20.998875038432725,6.260296540362438,54.93,82.18917157879517,33.54562148949904,Alto-medio
Sámara            ,50205,22117,88,50,38,28.966689019101498,14.332784184514002,61.575,104.87447320361551,43.490074705664775,Alto-medio
Sámara            ,50205,23539,34,17,17,24.88173130863196,5.436573311367381,55.814,86.13230461999933,35.274154911795236,Alto-medio
Sámara            ,50205,23582,77,40,37,28.76151607921314,12.520593080724876,54.673,95.95510915993802,39.58013337372958,Alto-medio
Sámara            ,50205,23962,17,7,10,29.418146699190185,2.6359143327841847,55.589,87.64306103197437,35.93641837685186,Alto-medio
Sámara            ,50205,23994,56,27,29,25.811846780910052,9.060955518945635,55.84,90.7128022998557,37.28208699210973,Alto-medio
Sámara            ,50205,24043,71,37,34,27.34554173841264,11.532125205930807,65.981,104.85866694434344,43.48314578717591,Alto-medio
Sámara            ,50205,24600,48,24,24,28.5629816721711,7.742998352553541,58.11,94.41598002472463,38.905432286131045,Alto-medio
Sámara            ,50205,24904,4,4,0,37.74445988845047,0.4942339373970346,54.62,92.8586938258475,38.22277176853976,Alto-medio
Sámara            ,50205,25297,11,5,6,27.923593632556948,1.6474464579901154,55.272,84.84304009054706,34.70898584292236,Alto-medio
Sámara            ,50205,26499,15,8,7,41.0246602937982,2.3064250411861615,73.132,116.46308533498436,48.57012226626673,Alto-medio
Sámara            ,50205,26504,22,12,10,31.580603116799306,3.459637561779242,59.296,94.33624067857855,38.87047730910002,Alto-medio
Sámara            ,50205,26853,2,2,0,31.81125676925694,0.16474464579901155,58.419,90.39500141505594,37.142774053572936,Alto-medio
Sámara            ,50205,28105,11,5,6,26.788866121427525,1.6474464579901154,54.019,82.45531257941764,33.662288517928495,Alto-medio
Sámara            ,50205,28150,6,2,4,29.683899638639016,0.8237232289950577,54.58,85.08762286763407,34.81620249026729,Alto-medio
Sámara            ,50205,29280,86,49,37,36.38728622891212,14.00329489291598,54.523,104.9135811218281,43.50721826714254,Alto-medio
Sámara            ,50205,29828,16,8,8,30.65470994034774,2.471169686985173,55.367,88.49287962733291,36.30894951633313,Alto-medio
Sámara            ,50205,30887,119,66,53,22.260986114888954,19.43986820428336,55.134,96.83485431917231,39.96578328585513,Alto-medio
Sámara            ,50205,31098,67,31,36,25.95124597934667,10.873146622734762,62.945,99.76939260208144,41.25218357922872,Alto-medio
Sámara            ,50205,31302,40,18,22,39.31000788619065,6.425041186161449,56.92,102.6550490723521,42.517155773168405,Alto-medio
Sámara            ,50205,31350,48,21,27,31.00524925928662,7.742998352553541,55.21,93.95824761184016,38.70477819562198,Alto-medio
Sámara            ,50205,32199,17,8,9,30.610159655134535,2.6359143327841847,54.83,88.07607398791872,36.12623631066636,Alto-medio
Sámara            ,50205,32449,11,5,6,33.226686976703775,1.6474464579901154,54.057,88.93113343469389,36.50106485851308,Alto-medio
Sámara            ,50205,32579,17,10,7,27.515684945377462,2.6359143327841847,55.909,86.06059927816165,35.24272176494768,Alto-medio
Sámara            ,50205,33515,128,63,65,27.416120811341283,20.922570016474467,57.322,105.66069082781576,43.8347253746702,Alto-medio
Sámara            ,50205,34073,33,15,18,19.453043905190473,5.2718286655683695,55.893,80.61787257075883,32.85681824004484,Medio
Sámara            ,50205,35981,191,98,93,56.69816753978628,31.30148270181219,73.427,161.42665024159848,68.28059713853534,Alto
Sámara            ,50205,36087,18,8,10,26.867931124837508,2.800658978583196,55.569,85.2375901034207,34.881942950099045,Alto-medio
Sámara            ,50205,36129,7,3,4,5.138675959406527,0.9884678747940692,55.658,61.785143834200596,24.601200000940793,Medio
Sámara            ,50205,36180,36,21,15,27.73854655472051,5.766062602965404,55.539,89.04360915768592,36.55037033320974,Alto-medio
Sámara            ,50205,36805,44,23,21,29.605353378442693,7.0840197693574956,54.845,91.53437314780018,37.64223529413673,Alto-medio
Sámara            ,50205,37349,279,145,134,56.0289452681957,45.799011532125206,54.592,156.4199568003209,66.08583554717991,Alto
Sámara            ,50205,37524,37,21,16,34.26218912269077,5.930807248764415,54.388,94.58099637145519,38.97776975675868,Alto-medio
Sámara            ,50205,37668,15,5,10,32.79915547367288,2.3064250411861615,55.654,90.75958051485904,37.30259294694911,Alto-medio
Sámara            ,50205,38491,79,38,41,15.776733390288628,12.850082372322898,55.507,84.13381576261153,34.39808637746386,Alto-medio
Sámara            ,50205,71101,107,54,53,25.14441806373663,17.462932454695224,73.489,116.09635051843186,48.40935838107531,Alto-medio
Sámara            ,50205,71102,96,47,49,28.73140371217226,15.650741350906095,55.608,99.99014506307836,41.348953838537746,Alto-medio
Sámara            ,50205,72857,7,3,4,29.542771252428157,0.9884678747940692,55.015,85.54623912722222,35.017244028663995,Alto-medio
Nosara            ,50206,4,3,3,0,30.74297009739973,0.3294892915980231,91.176,122.24845938899776,51.10623056095249,Alto-medio
Nosara            ,50206,531,33,16,17,21.545470598177737,5.2718286655683695,91.146,117.96329926374611,49.227764270571775,Alto-medio
Nosara            ,50206,594,14,8,6,24.203284584207132,2.14168039538715,93.823,120.16796497959427,50.194213623158255,Alto-medio
Nosara            ,50206,958,33,17,16,24.22295442422515,5.2718286655683695,91.66,121.15478308979351,50.626800621208325,Alto-medio
Nosara            ,50206,1184,150,72,78,36.60809395565888,24.546952224052717,100.0,161.1550461797116,68.16153529261307,Alto
Nosara            ,50206,1759,32,18,14,37.69448493954235,5.107084019769357,90.551,133.35256895931172,55.97388892209805,Alto
Nosara            ,50206,2895,69,31,38,23.222221576034713,11.202635914332784,96.823,131.2478574903675,55.05125606128814,Alto
Nosara            ,50206,2986,49,26,23,25.201085288136664,7.907742998352553,91.243,124.35182828648921,52.02827488477829,Alto
Nosara            ,50206,4396,4,0,4,3.1372126869159023,0.4942339373970346,91.22,94.85144662431294,39.09632581262799,Alto-medio
Nosara            ,50206,4767,92,49,43,24.770820834296263,14.991762767710048,92.053,131.8155836020063,55.300127592738754,Alto
Nosara            ,50206,5319,145,70,75,33.64089801265835,23.72322899505766,90.535,147.899127007716,62.35059787492604,Alto
Nosara            ,50206,5480,40,24,16,19.06590529133125,6.425041186161449,90.949,116.4399464774927,48.55997898981368,Alto-medio
Nosara            ,50206,5918,48,31,17,27.95826993239568,7.742998352553541,92.191,127.89226828494922,53.580281576671084,Alto
Nosara            ,50206,6382,110,61,49,37.1461048320131,17.957166392092258,93.686,148.78927122410536,62.74080637476981,Alto
Nosara            ,50206,6620,90,42,48,34.03230968395291,14.662273476112025,90.279,138.97358316006495,58.43794753023376,Alto
Nosara            ,50206,6629,10,7,3,26.286675998719577,1.4827018121911038,90.93,118.69937781091069,49.55043569882789,Alto-medio
Nosara            ,50206,7734,18,10,8,29.54981692862171,2.800658978583196,91.926,124.27647590720491,51.99524300259695,Alto
Nosara            ,50206,8958,11,6,5,32.419451258050955,1.6474464579901154,82.5,116.56689771604107,48.61563003088678,Alto-medio
Nosara            ,50206,9219,18,9,9,29.259220443550056,2.800658978583196,91.19,123.24987942213325,51.54521853801123,Alto
Nosara            ,50206,12002,2,2,0,30.74297009739973,0.16474464579901155,90.836,121.74371474319874,50.88496793022923,Alto-medio
Nosara            ,50206,12611,157,82,75,30.3795356151961,25.700164744645797,91.319,147.39870035984188,62.131228105451086,Alto
Nosara            ,50206,12682,13,5,8,23.37040773408924,1.9769357495881383,91.049,116.39634348367738,48.54086494234575,Alto-medio
Nosara            ,50206,12754,8,4,4,28.95993312263101,1.1532125205930808,91.02,121.13314564322408,50.6173155114802,Alto-medio
Nosara            ,50206,13531,156,98,58,33.17940724410462,25.53542009884679,91.678,150.39282734295142,63.44375002820194,Alto
Nosara            ,50206,13834,28,11,17,19.378385285513424,4.448105436573312,90.672,114.49849072208673,47.70891179881074,Alto-medio
Nosara            ,50206,13886,79,40,39,19.337790906616522,12.850082372322898,90.995,123.18287327893943,51.51584535764947,Alto
Nosara            ,50206,15469,76,41,35,19.764590573358085,12.355848434925864,90.743,122.86343900828395,51.37581639913221,Alto
Nosara            ,50206,15757,13,6,7,31.087686020241172,1.9769357495881383,90.813,123.87762176982932,51.82039911580172,Alto
Nosara            ,50206,15935,66,25,41,31.11847304564738,10.70840197693575,90.611,132.43787502258314,55.572918672226834,Alto
Nosara            ,50206,17114,52,29,23,28.73354879079311,8.40197693574959,90.493,127.6285257265427,53.46466594252338,Alto
Nosara            ,50206,17820,53,29,24,23.400760870281736,8.5667215815486,83.795,115.76248245183034,48.26300214461875,Alto-medio
Nosara            ,50206,17966,54,25,29,34.121523334695134,8.731466227347612,92.322,135.17498956204275,56.77277521083959,Alto
Nosara            ,50206,18266,135,62,73,44.97170257013428,22.075782537067546,90.968,158.0154851072018,66.7852600849381,Alto
Nosara            ,50206,18738,4,2,2,3.6030094855496535,0.4942339373970346,91.004,95.1012434229467,39.20582810704947,Alto-medio
Nosara            ,50206,19172,44,19,25,28.386589342483305,7.0840197693574956,92.344,127.8146091118408,53.54623847569958,Alto
Nosara            ,50206,19574,62,32,30,24.43939574613909,10.049423393739703,90.867,125.3558191398788,52.468389820700835,Alto
Nosara            ,50206,20126,79,36,43,33.304564749795276,12.850082372322898,90.816,136.97064712211818,57.55992950544623,Alto
Nosara            ,50206,20275,14,7,7,28.897840811941926,2.14168039538715,91.674,122.71352120732908,51.31009760982439,Alto-medio
Nosara            ,50206,20379,30,17,13,21.455682506798723,4.7775947281713345,90.787,117.02027723497007,48.81437596293223,Alto-medio
Nosara            ,50206,20541,87,43,44,30.4101536636379,14.168039538714991,84.897,129.4751932023529,54.274181223506766,Alto
Nosara            ,50206,20995,48,23,25,25.4548004415323,7.742998352553541,90.785,123.98279879408584,51.86650509289792,Alto
Nosara            ,50206,21407,72,35,37,22.53991035195792,11.696869851729819,90.774,125.01078020368774,52.31713666059502,Alto
Nosara            ,50206,21632,150,77,73,45.2623046883645,24.546952224052717,90.126,159.93525691241723,67.62682178063056,Alto
Nosara            ,50206,23068,221,107,114,46.35263809524736,36.24382207578254,91.788,174.3844601710299,73.96085375395597,Alto
Nosara            ,50206,24611,38,20,18,21.727972431260163,6.095551894563426,92.52,120.34352432582358,50.271172780859196,Alto-medio
Nosara            ,50206,25709,77,43,34,29.87167820173263,12.520593080724876,90.423,132.8152712824575,55.73835616617535,Alto
Nosara            ,50206,26673,55,25,30,30.0591508557079,8.896210873146623,89.662,128.61736172885452,53.89813751482513,Alto
Nosara            ,50206,26780,75,39,36,39.512917655756986,12.191103789126853,90.965,142.66902144488384,60.05790012087515,Alto
Nosara            ,50206,26862,220,112,108,51.7911857584032,36.07907742998353,91.381,179.25126318838673,76.09429221198586,Alto
Nosara            ,50206,27416,86,50,36,14.019328373088216,14.00329489291598,90.565,118.58762326600419,49.501446363711416,Alto-medio
Nosara            ,50206,27479,66,44,22,38.692692656148,10.70840197693575,86.7,136.10109463308373,57.178747708121456,Alto
Nosara            ,50206,27639,59,26,33,22.294815691890296,9.555189456342669,94.638,126.48800514823297,52.96470108771775,Alto
Nosara            ,50206,28441,34,17,17,26.636085936747904,5.436573311367381,89.598,121.67065924811529,50.85294292280123,Alto-medio
Nosara            ,50206,28790,93,43,50,32.00822728397383,15.15650741350906,91.732,138.89673469748288,58.40425981677415,Alto
Nosara            ,50206,29057,7,3,4,28.638401790618257,0.9884678747940692,90.917,120.54386966541233,50.35899726252434,Alto-medio
Nosara            ,50206,29131,36,23,13,30.251134544772018,5.766062602965404,89.781,125.79819714773743,52.66231307002618,Alto
Nosara            ,50206,31147,37,14,23,31.510108938425578,5.930807248764415,85.266,122.70691618718999,51.30720219697727,Alto-medio
Nosara            ,50206,31994,7,3,4,31.57268093984589,0.9884678747940692,91.408,123.96914881463996,51.860521413057725,Alto
Nosara            ,50206,32992,14,8,6,32.605554624668784,2.14168039538715,90.052,124.79923502005593,52.2244025538803,Alto
Nosara            ,50206,33154,21,11,10,20.98202857846843,3.2948929159802307,91.841,116.11792149444865,48.41881435240748,Alto-medio
Nosara            ,50206,33330,46,19,27,25.779937713076595,7.413509060955518,92.23,125.42344677403212,52.49803544124756,Alto
Nosara            ,50206,33734,163,90,73,36.32923966396705,26.68863261943987,90.195,153.2128722834069,64.67996039214796,Alto
Nosara            ,50206,33735,59,28,31,28.41329908490523,9.555189456342669,90.559,128.5274885412479,53.85874021148207,Alto
Nosara            ,50206,33807,72,37,35,24.062114388360865,11.696869851729819,90.018,125.77698424009068,52.653014063508174,Alto
Nosara            ,50206,34021,18,11,7,24.019773485883313,2.800658978583196,91.051,117.87143246446651,49.18749303668369,Alto-medio
Nosara            ,50206,34398,36,19,17,36.371468391789854,5.766062602965404,92.736,134.87353099475527,56.64062618022133,Alto
Nosara            ,50206,35302,12,8,4,33.255494115213985,1.8121911037891267,89.184,124.25168521900311,51.984375620575904,Alto
Nosara            ,50206,35363,39,21,18,28.40402648864276,6.260296540362438,90.148,124.8123230290052,52.230139885252,Alto
Nosara            ,50206,36667,8,6,2,33.77913200082209,1.1532125205930808,92.295,127.22734452141518,53.288801949547825,Alto
Nosara            ,50206,36735,16,7,9,18.18729481177245,2.471169686985173,91.879,112.53746449875763,46.84926559017344,Alto-medio
Nosara            ,50206,37614,15,8,7,28.335937631357577,2.3064250411861615,82.582,113.22436267254373,47.150378040272486,Alto-medio
Nosara            ,50206,37789,40,19,21,22.03454317573444,6.425041186161449,87.275,115.7345843618959,48.25077258493461,Alto-medio
Nosara            ,50206,37974,327,164,163,87.1552451980276,53.70675453047776,92.923,233.78499972850537,100.0,Alto
Nosara            ,50206,70747,57,36,21,32.258238460909254,9.225700164744646,92.089,133.5729386256539,56.07049137744314,Alto
Nosara            ,50206,70748,16,8,8,25.517445535395076,2.471169686985173,90.563,118.55161522238025,49.48566168025664,Alto-medio
Nosara            ,50206,70749,5,3,2,28.271292811245907,0.6589785831960462,90.844,119.77427139444194,50.02163194433374,Alto-medio
Nosara            ,50206,70750,51,23,28,25.69405045036356,8.237232289950576,90.431,124.36228274031413,52.032857756484475,Alto
Nosara            ,50206,70751,89,41,48,26.78728532762656,14.497528830313014,91.399,132.68381415793957,55.680729900220406,Alto
Nosara            ,50206,70752,32,14,18,40.2439820717264,5.107084019769357,79.756,125.10706609149577,52.35934507036269,Alto
Nosara            ,50206,70753,214,100,114,52.07268063543433,35.09060955518946,88.024,175.1872901906238,74.31278672370102,Alto
Belén de Nosarita ,50207,48123,155,79,76,39.56965257255971,25.370675453047774,54.602,119.54232802560747,49.91995597729918,Alto-medio
Belén de Nosarita ,50207,48131,74,38,36,36.84468018344597,12.026359143327841,54.73,103.60103932677382,42.93184524847839,Alto-medio
Belén de Nosarita ,50207,48139,183,85,98,44.680979060404944,29.983525535420096,57.004,131.66850459582503,55.23565323307453,Alto
Belén de Nosarita ,50207,48147,77,40,37,33.90861113089203,12.520593080724876,58.536,104.9652042116169,43.52984804785998,Alto-medio
Belén de Nosarita ,50207,48155,87,36,51,24.28473557782557,14.168039538714991,57.077,95.52977511654055,39.393681610126805,Alto-medio
Belén de Nosarita ,50207,48163,225,100,125,43.85312399820556,36.902800658978585,54.618,135.37392465718415,56.85998149001564,Alto
Belén de Nosarita ,50207,48171,112,53,59,40.29738661341782,18.28665568369028,52.431,111.0150422971081,46.1818882455852,Alto-medio
Belén de Nosarita ,50207,48179,124,60,64,28.030119294257783,20.263591433278417,54.633,102.9267107275362,42.63624286600427,Alto-medio
Belén de Nosarita ,50207,48187,68,31,37,27.345403115028315,11.037891268533773,54.545,92.92829438356209,38.25328225067744,Alto-medio
Belén de Nosarita ,50207,48195,49,22,27,18.7186992925276,7.907742998352553,54.373,80.99944229088015,33.024085234912576,Alto-medio
Belén de Nosarita ,50207,48203,41,21,20,34.49860778788331,6.589785831960461,59.341,100.42939361984378,41.54150524452138,Alto-medio
Belén de Nosarita ,50207,48211,14,7,7,8.815999208469085,2.14168039538715,61.826,72.78367960385623,29.422578451910898,Medio
Belén de Nosarita ,50207,48234,12,7,5,36.647283588719134,1.8121911037891267,59.876,98.33547469250826,40.62360346143249,Alto-medio
Belén de Nosarita ,50207,48241,78,39,39,33.70821852856818,12.685337726523887,61.048,107.44155625509207,44.615395308829676,Alto-medio
Belén de Nosarita ,50207,48248,13,8,5,36.887375445514465,1.9769357495881383,62.835,101.69931119510261,42.098193276464094,Alto-medio
Belén de Nosarita ,50207,48255,89,46,43,40.93104006685011,14.497528830313014,62.109,117.53756889716313,49.04113877256414,Alto-medio
Belén de Nosarita ,50207,48336,22,10,12,6.829345769808183,3.459637561779242,74.529,84.81798333158743,34.69800182466491,Alto-medio
Belén de Nosarita ,50207,48340,94,46,48,52.6806028982743,15.32125205930807,74.689,142.69085495758236,60.067471179226764,Alto
Belén de Nosarita ,50207,48344,13,6,7,6.427166430392925,1.9769357495881383,80.525,88.92910217998107,36.500174426558694,Alto-medio
Belén de Nosarita ,50207,48348,26,14,12,37.17357886306625,4.118616144975288,55.671,96.96319500804154,40.022043413990005,Alto-medio
Belén de Nosarita ,50207,48352,66,37,29,42.21914612941359,10.70840197693575,56.608,109.53554810634932,45.53332905924879,Alto-medio
Belén de Nosarita ,50207,48356,39,19,20,32.958712901739084,6.260296540362438,57.528,96.74700944210153,39.927275123840914,Alto-medio
Belén de Nosarita ,50207,48364,42,24,18,26.877446714978483,6.754530477759473,59.944,93.57597719273795,38.53720403850666,Alto-medio
Belén de Nosarita ,50207,48368,8,4,4,35.51094414633559,1.1532125205930808,58.905,95.56915666692868,39.41094512250551,Alto-medio
Belén de Nosarita ,50207,48372,34,16,18,28.315063079622433,5.436573311367381,60.579,94.33063639098981,38.86802058286125,Alto-medio
Belén de Nosarita ,50207,48380,133,68,65,54.57132804625283,21.746293245469523,62.629,138.94662129172235,58.42612837778043,Alto
Belén de Nosarita ,50207,48384,109,55,54,33.7824695935143,17.792421746293247,62.536,114.11089133980755,47.539001608175546,Alto-medio
Belén de Nosarita ,50207,48392,101,52,49,36.96824047590509,16.474464579901152,61.964,115.40670505580624,48.10704161437568,Alto-medio
Belén de Nosarita ,50207,48396,103,50,53,31.53724180632639,16.80395387149918,57.152,105.49319567782557,43.761301282253044,Alto-medio
Belén de Nosarita ,50207,49319,39,18,21,27.93416551179262,6.260296540362438,52.132,86.32646205215505,35.35926682842635,Alto-medio
Belén de Nosarita ,50207,49320,18,9,9,28.320367732819513,2.800658978583196,53.464,84.5850267114027,34.59588168321224,Alto-medio
Belén de Nosarita ,50207,72789,67,35,32,43.844202140919705,10.873146622734762,70.863,125.58034876365447,52.5668158577978,Alto
Belén de Nosarita ,50207,72790,75,35,40,37.975667948465826,12.191103789126853,65.729,115.89577173759268,48.32143156682354,Alto-medio
Belén de Nosarita ,50207,72791,99,47,52,41.40492985469892,16.14497528830313,62.582,120.13190514300206,50.1784062354539,Alto-medio
Belén de Nosarita ,50207,72792,86,48,38,43.128175898770124,14.00329489291598,69.373,126.50447079168612,52.971919057471986,Alto
Belén de Nosarita ,50207,72793,111,58,53,52.69047061875266,18.12191103789127,58.42,129.23238165664395,54.16774102286136,Alto
