Categoría,Hombres,Mujeres
"Agricultura, ganadería y pesca",1454,33
Minas y canteras,6,2
Industrias manufactureras,348,72
Suministro de electricidad y gas,57,10
Suministro de agua,44,3
Construcción,661,17
Comercio y reparación de vehículos,682,328
Transporte y almacenamiento,180,13
Alojamiento y servicio de comida,432,520
Información y comunicación,19,3
Financieras y de seguros,35,20
Actividades inmobiliarias,67,38
"Profesionales, científicas y técnicas",43,22
Administrativas y servicios de apoyo,197,65
Administración pública,222,64
Enseñanza,131,285
Salud humana,76,105
Artísticas y recreativas,72,20
Otras actividades de servicio,73,48
Hogares calidad empleadores,131,381
