Categoría,Hombres,Mujeres
"Agricultura, ganadería y pesca",1402,41
Minas y canteras,15,0
Industrias manufactureras,485,114
Suministro de electricidad y gas,81,11
Suministro de agua,58,5
Construcción,546,13
Comercio y reparación de vehículos,988,484
Transporte y almacenamiento,244,16
Alojamiento y servicio de comida,326,375
Información y comunicación,28,5
Financieras y de seguros,64,42
Actividades inmobiliarias,32,14
"Profesionales, científicas y técnicas",68,35
Administrativas y servicios de apoyo,198,75
Administración pública,333,155
Enseñanza,244,479
Salud humana,173,249
Artísticas y recreativas,70,12
Otras actividades de servicio,87,72
Hogares calidad empleadores,108,449
