Categoría,Hombres,Mujeres
Limitación mental,74,67
Limitación intelectual,112,96
Limitación de brazos y piernas,190,163
Limitación para caminar,444,480
Limitación para hablar,128,97
Limitación auditiva,257,217
Limitación visual,796,897
Carencia de albergue,1899,1705
Carencia de vida saludable,1511,1390
Carencia de conocimiento,1563,1523
Carencia de acceso a otros bienes,1196,1236
Población dependiente (0 - 14 años),3025,2938
Población dependiente (>= 65 años),980,880
Desempleo,247,60
