Categoría,Hombres,Mujeres
Limitación mental,94,87
Limitación intelectual,208,159
Limitación de brazos y piernas,198,188
Limitación para caminar,566,632
Limitación para hablar,164,109
Limitación auditiva,308,279
Limitación visual,1028,1292
Carencia de albergue,1850,1753
Carencia de vida saludable,1257,1145
Carencia de conocimiento,1539,1617
Carencia de acceso a otros bienes,1424,1526
Población dependiente (0 - 14 años),3313,3314
Población dependiente (>= 65 años),1312,1303
Desempleo,321,82
