Categoría,Hombres,Mujeres
"Agricultura, ganadería y pesca",880,89
Minas y canteras,18,2
Industrias manufactureras,1122,219
Suministro de electricidad y gas,230,27
Suministro de agua,116,29
Construcción,766,22
Comercio y reparación de vehículos,1549,942
Transporte y almacenamiento,601,74
Alojamiento y servicio de comida,597,642
Información y comunicación,98,33
Financieras y de seguros,115,82
Actividades inmobiliarias,53,27
"Profesionales, científicas y técnicas",135,82
Administrativas y servicios de apoyo,509,170
Administración pública,430,221
Enseñanza,243,606
Salud humana,227,427
Artísticas y recreativas,96,32
Otras actividades de servicio,152,150
Hogares calidad empleadores,71,627
