Categoría,Hombres,Mujeres
"Agricultura, ganadería y pesca",1073,96
Minas y canteras,15,2
Industrias manufactureras,1000,190
Suministro de electricidad y gas,271,36
Suministro de agua,122,30
Construcción,720,23
Comercio y reparación de vehículos,1309,789
Transporte y almacenamiento,505,63
Alojamiento y servicio de comida,542,572
Información y comunicación,95,24
Financieras y de seguros,90,73
Actividades inmobiliarias,38,21
"Profesionales, científicas y técnicas",98,66
Administrativas y servicios de apoyo,479,147
Administración pública,390,174
Enseñanza,189,490
Salud humana,180,350
Artísticas y recreativas,79,27
Otras actividades de servicio,144,122
Hogares calidad empleadores,66,563
