Categoría,Hombres,Mujeres
Limitación mental,102,88
Limitación intelectual,161,111
Limitación de brazos y piernas,133,151
Limitación para caminar,409,472
Limitación para hablar,147,105
Limitación auditiva,202,210
Limitación visual,751,917
Carencia de albergue,2846,2893
Carencia de vida saludable,1133,1124
Carencia de conocimiento,2408,2448
Carencia de acceso a otros bienes,1476,1572
Población dependiente (0 - 14 años),5102,5013
Población dependiente (>= 65 años),775,973
Desempleo,622,189
