Categoría,Hombres,Mujeres
Limitación mental,86,81
Limitación intelectual,172,115
Limitación de brazos y piernas,125,142
Limitación para caminar,387,411
Limitación para hablar,133,99
Limitación auditiva,195,180
Limitación visual,692,805
Carencia de albergue,3121,3140
Carencia de vida saludable,1487,1485
Carencia de conocimiento,2466,2486
Carencia de acceso a otros bienes,1541,1631
Población dependiente (0 - 14 años),4871,4792
Población dependiente (>= 65 años),749,842
Desempleo,558,189
